source_address,source_name,target_address,confidence,status
0x00a5c0,initFuelSystemOutputDriver,0x00b666,81,matched
0x00a5e2,messageTypeToChannelMapper,N/A,0,not_found
0x00a6fa,sensorFaultDebounceMonitor,N/A,0,not_found
0x00a16a,rpm_rate_limiter,0x00b210,80,similar
0x00a30c,shutdownMinimumSelector17,0x00b3b2,81,matched
0x00a32a,highRpmFuelControlLimiter,0x00b2aa,80,similar
0x00a44c,lowRpmFuelProtectionLimiter,0x00b4f2,80,similar
0x00a53e,dmaControllerSetup1,0x00b5e4,89,matched
0x00a56e,dmaDescriptorSetup1,0x00b614,81,matched
0x00a204,rpm_system_state_controller,0x00b2aa,80,similar
0x00a428,fuelLimitMinimumSelector,0x00b4ce,81,matched
0x00a598,dmaDescriptorSetup2,0x00b63e,81,matched
0x00a626,diagnosticMessageQueueWrite,0x00b6e8,88,matched
0x00ac1c,initADCChannelConfiguration,0x00bcf0,81,matched
0x00afa0,diagnostic_fuel_calculation_with_vp44_monitoring,0x00b210,75,similar
0x00b0b0,shutdownMinimumSelector16,0x00c2a0,81,matched
0x00b0ce,diagnosticTimingIncrementController,0x00c2be,86,matched
0x00b0fe,fuelAdjustmentWithFlagUpdate,N/A,0,not_found
0x00b2ee,fuelSourceOilPressureConditionChecker,0x00fbe4,70,similar
0x00b3ae,timingProtectionFlagsOrchestrator,0x00c582,78,similar
0x00b05c,timingParameterPointerSetup,0x00c246,77,similar
0x00b18c,fuelTimingModeArbitrationSlowCycle40Coordinator,0x00c326,75,similar
0x00b27e,fuelTableBlendResultHandler,N/A,0,not_found
0x00b35c,fuelModeTransitionCountdownHandler,0x00c504,75,similar
0x00b47e,shutdownProtectionCalculator,0x00c66a,80,similar
0x00b130,vp44TimingConditionChecker,N/A,0,not_found
0x00b314,fuelSourceMode11CountdownHandler,0x01277c,66,similar
0x00b528,fuelParameterPointerSetup,0x00c714,88,matched
0x00b556,shutdownMinimumSelector15,0x00c742,77,similar
0x00b574,rpmParameterPointerSetup,0x00b614,75,similar
0x00b594,targetRpmRateLimiter,0x00c8a0,75,similar
0x00b656,engine_speed_governor,0x00c962,86,matched
0x00bdd4,diagnosticDataCopyHandler,0x00d0e2,81,matched
0x00be7c,diagnosticStatus30Setter,0x00d18a,81,matched
0x00be96,diagnosticStatus2Initializer,0x00d1a4,81,matched
0x00bf0a,diagnosticState2Initializer,0x00d218,81,matched
0x00bf2e,derate_application_controller,N/A,0,not_found
0x00bf9c,initDerateSystemPointers,0x00d3c6,63,similar
0x00bfbc,diagnosticValueCalculator,0x00d3e6,75,similar
0x00c0e6,diagnosticState7Setter,0x00d584,75,similar
0x00c33e,initBoostProtectionSystem,0x00d5e6,69,similar
0x00c084,diagnosticStatus7Initializer,N/A,0,not_found
0x00c100,diagnosticTablePointerSetup,0x00b60e,73,similar
0x00c144,tpuTimerInitializer,0x00c760,92,matched
0x00c264,boostPressureControlInit,0x01b4f6,66,similar
0x00c272,engineProtectionSystemInit,0x01b57e,70,similar
0x00c368,periodicIoAndCanFaultMonitor,0x00b210,67,similar
0x00caa8,diagnosticMessageTransmissionManager,0x00eba4,88,matched
0x00cb1e,insiteParameterResponseBuilder,0x00ec1e,75,similar
0x00d7c0,fuelTableBlendInterpolation,N/A,0,not_found
0x00d71a,diagnosticDataBufferSetup,0x00c24c,72,similar
0x00d85e,fuelParameterBlendCalculator,N/A,0,not_found
0x00d90a,fuelOffsetCalculator,0x01709e,80,similar
0x00d984,fuelModeSelectionCalculator,0x00c8a0,73,similar
0x00e02c,canBusTimingInit,0x010394,91,matched
0x00e200,rpm_derate_calculation_and_fault_processing,0x010822,80,similar
0x00e478,derateThresholdMonitorAndFaultController,0x010822,80,similar
0x00eacc,initDerateSystem,N/A,0,not_found
0x00eb5a,kickdownSignalSlowCycle40Coordinator,N/A,0,not_found
0x00ebd2,initAcControlSystem,0x00d286,78,similar
0x00f1ae,validateRedundantSensors,0x0114d4,83,matched
0x00f4ea,firmwareDataCopyToWorkingMemory,0x0117ec,86,matched
0x00f8b6,waterInFuelFaultValidation,0x0118d6,63,similar
0x00f8d8,activateHighRpmShutdownFlag,0x0118fc,86,matched
0x00f8f6,triggerDiagnosticSystemReset,0x01191a,66,similar
0x00f9e4,requestSecuredShutdown,N/A,0,not_found
0x00f9f0,canMessageBufferLogger,N/A,0,not_found
0x00f86a,enableFaultFlagScanner,0x011880,63,similar
0x00f89c,waterInFuelFaultClear,0x0118b2,69,similar
0x00f876,waterInFuelDetectionStateInit,0x01188c,81,matched
0x00fd68,coldStartFuelControlSlowCycle40Coordinator,0x011e5e,75,similar
0x01c10e,sendJ1939MultiFrame,0x022726,94,matched
0x01c538,vp44FuelTempHandler,0x022b50,94,matched
0x01c846,vp44CanMessageDispatcher,0x022e5e,100,matched
0x01a5b0,fuelArbitratorControlService,0x01fc9c,77,similar
0x01a97e,extendedDiagnosticService4F,0x01f8bc,88,matched
0x01a192,diagnosticMessage45Builder,0x01f0de,88,matched
0x01a910,extendedDiagnosticService4C,0x01f84e,81,matched
0x01ac64,extendedDiagnosticService51,0x01fbb0,94,matched
0x01aca8,diagnosticMessage53Builder,0x01fbf4,88,matched
0x01aef4,canMessageFilterInit,0x01fe40,72,similar
0x01af38,timerSchedulerSetup,N/A,0,not_found
0x01afe4,phase3_periodic_task_scheduler,0x01ff38,75,similar
0x01b1b4,coreSystemControlFunction,0x021272,92,matched
0x01b1f4,timerBasedTaskScheduler,N/A,0,not_found
0x01b07c,emptyPlaceholderInit,0x01ffd0,94,matched
0x01b7ca,addressLookupFunction,0x021964,92,matched
0x01b7e8,diagnosticServiceSecurityValidator,0x021982,84,matched
0x01b9da,memoryRegisterController,0x022070,81,matched
0x01b37a,memoryOperationDispatcher,0x02148a,86,matched
0x01b172,systemFunction4xParameterizedAlt,0x0200c6,88,matched
0x01b314,phase3_retarder_condition_monitor,N/A,0,not_found
0x01b762,systemFunction6xParameterized,0x0200c6,84,matched
0x01bd58,systemFunction1xCaller,0x022370,86,matched
0x01bd76,diagMemoryReadResponseBuilder,0x02238e,100,matched
0x01bedc,diagMemoryReadWithOffsetBuilder,0x021642,92,matched
0x01bf18,diagMemoryReadService43Handler,0x02167e,92,matched
0x01bf64,diagMemoryReadService46Handler,0x021714,92,matched
0x01bfc8,diagMemoryReadService48Handler,0x021714,92,matched
0x01c0c2,registerDiagnosticMemoryServices,0x011b36,78,similar
0x01c0c2,systemFunction5xCaller,0x011b36,78,similar
0x01c02e,diagMemoryReadService4aHandler,0x0217de,92,matched
0x01c3d2,messageErrorHandler,0x0229ea,94,matched
0x01c4c0,vp44MessageTransmitter,0x022ad8,94,matched
0x01c7ca,diagnosticErrorHandler,0x022de2,81,matched
0x01c8b6,unknownMessageHandler,0x022ece,94,matched
0x01c33e,diagnosticParamRequestHandler,0x022956,94,matched
0x01c076,diagMemoryReadService4cHandler,0x0217de,92,matched
0x01c776,diagnosticStatusRequestHandler,0x022d8e,88,matched
0x01c996,diagnosticMessageProcessor,0x022fae,81,matched
0x01cabe,vp44ResponseTimeoutHandler,0x0230d6,81,matched
0x01cad6,messageQueueDispatcher,0x0230ee,88,matched
0x01cc38,systemStatusProcessor,0x023244,75,similar
0x01d4bc,ioControlStateMachineWithDelay,0x017e62,67,similar
0x01d7d2,ioControlPinSwitchingWrapper,N/A,0,not_found
0x01d7dc,initIoControlRegister,0x02481e,75,similar
0x01d7ec,initTimerCounterDefaults,N/A,0,not_found
0x01d19c,diagnosticMessageValidator,0x023820,88,matched
0x01d29c,phase3_countdown_timer_manager,0x023920,81,matched
0x01d34e,diagnosticStateInitializer,0x0239d2,88,matched
0x01d40c,ioControlRegisterBitMapper,N/A,0,not_found
0x01e3a8,initLookupTablePointers1,0x025926,72,similar
0x01e8a6,intakeTemperatureTablesInit,N/A,0,not_found
0x01e36a,epsTimingCalculationSlowCycle40Coordinator,0x0258e8,81,matched
0x01e140,epsSignalQualityValidator,N/A,0,not_found
0x01e210,camSyncDiagnosticProcessor,0x017a06,77,similar
0x01e462,governorFuelPidController,0x02595a,73,similar
0x01ecf6,fuelTimingOffsetCalculator,0x00b4f2,75,similar
0x01ee02,initVP44StatusFlags,0x02659a,81,matched
0x01ee5c,engineModeTimingAdjuster,0x026474,75,similar
0x01ef18,timingOffsetCalculatorWrapper,0x0266d2,75,similar
0x01f1e0,memcpy,0x026a64,86,matched
0x01f1fa,dualTableFuelInterpolationCalculator,0x00d23c,75,similar
0x01f2ce,crankFuelAndTimingBufferStore,0x01a6e8,63,similar
0x01f4f8,crankFuelCalculationAndProtection,0x01a95a,72,similar
0x01f7cc,initParameterScalingSystem,0x01fc9c,63,similar
0x01f8aa,fuelSmokeLimiterCalculator,0x026cc8,75,similar
0x01f23e,initRpmLookupTables,N/A,0,not_found
0x01f28c,crankStateVariablesReset,0x01fd8e,66,similar
0x01f090,initTPU,0x02685c,83,matched
0x01f860,pwmOutputInit,0x026c7e,88,matched
0x02a1a0,diagnosticDM5PGN_65230_Builder,0x032ae2,81,matched
0x02a2f2,buildPgn61444_ProprietarySpeed,0x0330c4,67,similar
0x02a5da,secondaryParamPGN_65247_Builder,0x033120,81,matched
0x02a7f8,extendedDiagPGN_65251_Builder,0x031c1a,70,similar
0x02a8da,engineFluidLevelPGN_65263_Builder,0x0331ae,75,similar
0x02a29c,diagnosticDM11PGN_65234_Builder,0x032244,81,matched
0x02a45c,buildProprietaryLoadStatusMessage,0x00b210,75,similar
0x02a51e,cumminsProprietaryDM_983_Builder,0x033064,81,matched
0x02a57e,configParamCanBuilder,0x0330c4,81,matched
0x02a61e,fuelParameterCanMessageBuilder,N/A,0,not_found
0x02a090,diagnosticDM4PGN_65229_Builder,0x0329d2,75,similar
0x02a93a,engineFluidLevelDataBuilder,0x01f8bc,61,similar
0x02a222,diagnosticDM8PGN_65232_Builder,0x032b64,75,similar
0x02a418,vp44Command0x100Builder,0x032e08,81,matched
0x02aa74,engineTemperaturePGN_65262_Builder,0x033880,75,similar
0x02aade,torqueControlDataBuilder,0x0338ea,75,similar
0x02aba4,cumminsProprietaryTSC_PGN_15728640_Builder,0x0339b0,81,matched
0x02ac7a,intakeExhaustConditionsPGN_65257_Builder,0x033aea,81,matched
0x02acd0,fuelEconomyDataBuilder,0x033b40,75,similar
0x02ada8,fuelEconomyPGN_65266_Builder,0x033c28,81,matched
0x02ae60,ioControlPGN_65244_Builder,0x033ce2,81,matched
0x02aee2,engineHoursPGN_65252_Builder,0x033dfa,75,similar
0x02afca,intakeManifoldPGN_65526_Builder,0x033eee,75,similar
0x02b0cc,retarderConfigDataBuilder,0x03407a,88,matched
0x02b1f6,retarderConfigPGN_65249_Builder,0x033aea,80,similar
0x02b3fc,vehicleHoursPGN_65255_Builder,0x0343d2,81,matched
0x02b4c2,engine_protection_coordinator,0x03458c,75,similar
0x02b4fe,initMultiSystemParameters,0x0345c8,78,similar
0x02b29e,vehicleDistancePGN_65248_Builder,0x03429a,81,matched
0x02b46a,initLoopCounter,0x034534,75,similar
0x02b060,cruiseControlPGN_65264_Builder,0x03401a,75,similar
0x02b338,electronicBrakePGN_65527_Builder,0x034334,75,similar
0x02b452,incrementCounters,N/A,0,not_found
0x02b544,addressRangeValidator,0x03460e,100,matched
0x02baf0,delayWithWatchdogService,0x034bba,100,matched
0x02bb6c,engineDataTrendingSlowCycle40Coordinator,N/A,0,not_found
0x02bbc0,fuelDemandBasedParameterCalculator,N/A,0,not_found
0x02bc2a,vp44_rpm_derate_monitor,0x026484,67,similar
0x02bc62,diagnostic_protection_coordinator,0x00d2be,69,similar
0x02c4f0,diagnosticFlagResetHandler,N/A,0,not_found
0x02c7e0,update_engine_protection_thresholds,0x01d2e4,69,similar
0x02c99a,engine_protection_init,0x010fe0,63,similar
0x02c240,initDiagnosticModeSystem,0x02ddd6,70,similar
0x02cb6a,boost_pressure_control_and_diagnostics,0x010fe0,63,similar
0x02d6a2,boostPressureFeedbackController,N/A,0,not_found
0x02d7b4,boostPressureProtectionStateMachine,0x00b210,75,similar
0x02dc1e,fuelTempProtectionLimitCalculator,0x00c180,75,similar
0x02de2e,shutdownLimitSelector,N/A,0,not_found
0x02de92,crankDataBufferStore,N/A,0,not_found
0x02dfd0,crankAndProtectionStateMonitor,0x00c180,75,similar
0x02e3ee,boostPressureTargetCalculator,0x00b210,70,similar
0x02e8f2,clutchOperatingStatisticsTracker,0x0184cc,63,similar
0x02e336,engineParameterControllerWithTimer,N/A,0,not_found
0x02eeac,vp44FaultProtectionController,0x010568,70,similar
0x02f7ac,diagnosticModeFuelArbitrationHandler,0x0124d2,73,similar
0x02f8b8,masterSubsystemInit,0x030c78,69,similar
0x02f96e,vp44ExtendedProcessingRouter,N/A,0,not_found
0x02f662,oilPressureFuelArbitrationMonitor,0x01c03c,73,similar
0x02f884,shutdownMinimumSelectorOrchestrator,0x028936,63,similar
0x02fce4,diagnosticFuelOverrideHandler,0x01c03c,73,similar
0x02fd74,vp44InjectionTimingSlowCycle40Coordinator,N/A,0,not_found
0x02fe20,engineModeOutputControlInit,0x00b4f2,75,similar
0x02ff3a,engineModeOutputControlStateMachine,0x00b210,75,similar
0x010d78,canBusConfigTypeSelector,0x0142a8,83,matched
0x010da4,speedDifferenceInterpolator,N/A,0,not_found
0x010e02,speedBasedParameterLookup,N/A,0,not_found
0x010e70,multiSpeedParameterInterpolation,0x0143b6,75,similar
0x010f76,initIntakeManifoldTemperatureLimits,N/A,0,not_found
0x011a0a,faultFlagScannerAndProcessor,0x014dc6,81,matched
0x011ba0,insitePidDtcHandler,0x014f42,81,matched
0x011c0c,initHourMeterSystem,0x014fae,80,similar
0x011c28,vp44_status_data_collector,N/A,0,not_found
0x012afa,param_address_calc,0x0165f2,100,matched
0x012b74,multiPacketTransmitHandler,0x01666c,88,matched
0x012d76,multiPacketReceiveHandler,0x01686e,88,matched
0x013bd8,rpmBasedFuelTimingInterpolation,0x017a06,73,similar
0x013c6a,frictionalLoadInterpolationCalculator,0x017a8e,75,similar
0x013d66,rpmSourceSelectorForFrictionalLoad,0x017b8a,75,similar
0x013d86,frictionalLoadTorqueInterpolator,0x017a8e,75,similar
0x013e82,peakTorqueFuelCorrection,0x017ca6,75,similar
0x013ecc,engineModeTransitionStateUpdater,0x017cf0,88,matched
0x013f06,engineModeTransitionHandler,0x017d2a,88,matched
0x013f46,shutdownProtectionSlowCycle40Coordinator,0x017d6a,75,similar
0x013fe2,frictionalLoadTorqueManagementSlowCycle40Coordinator,0x017e06,75,similar
0x014a4a,diagnosticProtectionProcessor,0x018c1c,100,matched
0x014ae4,protectionState1DiagnosticValidator,0x018cb6,88,matched
0x014bdc,protectionUpdateHandler,0x018dae,88,matched
0x014c3a,protectionState3aPrimaryCoordinator,N/A,0,not_found
0x014d6a,protectionState4EmergencyHandler,0x018fdc,67,similar
0x014d24,protectionStateUpdater,0x018f86,100,matched
0x016af2,initOilPressureModeSystem,0x01ae06,78,similar
0x016b0e,oilPressureModeParameterPointerConfig,0x00b4f2,75,similar
0x016ba8,dutyCycleMonitorCanInit,0x01ae22,81,matched
0x016cb4,dutyCycleMonitorIsrHandler,0x01af32,75,similar
0x016f98,dutyCycleMonitorAltCanInit,0x01ae22,81,matched
0x017b3a,scheduler_init,0x01bf54,81,matched
0x017b88,mainLoopTaskSchedulerInit,N/A,0,not_found
0x017bf2,schedulerPerformanceMonitor,0x032c7a,61,similar
0x017c6e,schedulerWaitLoop,N/A,0,not_found
0x017d40,fuelDemandModeSelector,0x00c180,75,similar
0x018b6e,fuelArbitratorInit,0x00d3bc,63,similar
0x018bbe,derateChangeDetector,0x00b4f2,70,similar
0x018c62,highRpmEngineProtectionStateMachine,0x016dd4,80,similar
0x018e9c,initFuelArbitratorThreshold3,0x026252,61,similar
0x018eb4,vp44ControlStructureInit,0x01dcfc,70,similar
0x018ee4,diagnosticBufferPointerInit,0x01dd2c,92,matched
0x018f6c,initFuelArbitratorThreshold5,0x00ff56,64,similar
0x018f82,activeParamReadFunction,0x00ec1e,66,similar
0x019a0a,insiteLiveDataHandler,0x01e956,75,similar
0x019c3c,responseBufferSpaceCheck,0x01eb88,75,similar
0x019cbc,responseBufferFinalize,0x01ec08,81,matched
0x019cf0,diagnosticMemoryWriteHandler,0x01ec3c,94,matched
0x019e62,diagnosticMemoryReadHandler,0x01edae,94,matched
0x020f14,vp44CommunicationTestAndInit,N/A,0,not_found
0x025a90,advanced_oil_pressure_protection_system,0x02d9d2,63,similar
0x026aca,waterInFuelDiagnosticHandler,0x02e2f4,91,matched
0x026d98,ioOutputFlagMappingSlowCycle40Coordinator,0x017d6a,77,similar
0x026e7e,initQADC,0x02e95e,100,matched
0x026ec4,clearWorkingMemory,0x02e9ac,94,matched
0x026f10,canMemoryPointerTableInit,0x02e9f8,78,similar
0x026ff4,canMessageMemorySyncController,0x02eadc,75,similar
0x027dd4,retarderModeThresholdsSetup,0x0124d2,72,similar
0x027e86,systemControlFunction4,N/A,0,not_found
0x027e98,systemSecurityCheckStub_AlwaysPasses,N/A,0,not_found
0x028bda,initDiagnosticSystemState,N/A,0,not_found
0x029c52,buildCanMessage,0x03258a,81,matched
0x029a86,engineCoolantPGN_65226_Builder,0x0323be,75,similar
0x029bf4,diagnosticDM2PGN_65227_Builder,0x03252c,75,similar
0x030ac0,engineModeBasedIoController,0x01a1e0,73,similar
0x030c78,rpmLoadParameterLookup,0x026ab8,81,matched
0x030d40,rpmDerateCalculationController,0x010568,75,similar
0x031a76,fuelTemperatureLimitingSecondary,0x01709e,67,similar
0x031b78,ioControlSourceRegisterManager,N/A,0,not_found
0x031c60,fuelTemperatureProtectionSlowCycle40Coordinator,N/A,0,not_found
0x031fb8,vp44SensorStatusMonitor,0x01d9b4,61,similar
0x032b16,timeDeltaCalculator,0x00c180,75,similar
0x032c1c,sensorStatusHistoryTracker,N/A,0,not_found
0x033c48,baseTimingTableLookup,N/A,0,not_found
0x033c84,liftPumpFuelDeliveryController,0x034cc4,72,similar
0x033dca,derateThresholdIoController,0x021fac,72,similar
0x033e0e,vp44FsoFaultDetectionMonitor,0x0171be,66,similar
0x034a32,vp44FsoFaultBit15Monitor,0x017f7c,75,similar
0x034b46,vp44FsoMultiBitFaultMonitor,0x017f7c,75,similar
0x034d9e,vp44FsoStuckLowFaultDetector,N/A,0,not_found
0x034d16,vp44FsoStuckHighFaultDetector,0x032c7a,75,similar
0x034e7a,vp44FsoFaultConditionDetector,0x017f7c,67,similar
0x0103a2,initAncSpeedLimitAndAltitudeDerate,0x0124d2,84,matched
0x0107a4,engineRunTimeHistogramAccumulator,0x01ff38,69,similar
0x0122d0,ioControlAndCanPinSwitching,N/A,0,not_found
0x0131d6,circularBufferWrite,0x016cd8,88,matched
0x0132c8,engine_fault_monitoring_and_rpm_calculation,0x0171be,75,similar
0x0137ac,engineRpmSourceInit,0x0176de,63,similar
0x0138fe,canRpmModeConfigInit,0x01839a,88,matched
0x0140ce,initLoadTrendingSystem,0x0124d2,73,similar
0x0145d4,protectionThresholdCalculationHelper,0x0186ae,100,matched
0x0147b6,protectionConditionEvaluator,0x018968,98,matched
0x0148f8,diagnosticProtectionEvaluator,0x018ac4,80,similar
0x0170b4,dutyCycleMonitorAltIsrHandler,0x0338ea,63,similar
0x0171a6,phase2_slot_0_handler,0x0199fa,80,similar
0x0171d2,phase2_slot_1_handler,0x01b40c,91,matched
0x0172ae,phase2_slot_8_handler,0x01b4c2,80,similar
0x0172bc,ioControlAndCanPinSwitchingWrapper,0x01b60a,66,similar
0x0172c4,evenPhaseSchedulerTaskSet,0x01b62a,67,similar
0x0172e4,oddPhaseSchedulerTaskSet,0x01b504,72,similar
0x0172f8,vp44_engine_management_system,0x01b518,69,similar
0x0173b0,slowCycle4Coordinator,0x02874a,67,similar
0x0173f4,empty_debug_hook,0x01b6d4,70,similar
0x0173f6,engineParameterAndBoostControlWrapper,0x01b794,75,similar
0x0174a6,diagnosticDataTransmissionSlowCycle10Coordinator,0x01b60a,66,similar
0x0174ae,vp44ControlSystemCoordinator,0x01b558,64,similar
0x0174c8,vp44ExtendedFaultDetectionCoordinator,0x01b5ba,64,similar
0x0174dc,advancedEngineProtectionCoordinator,0x028828,66,similar
0x0174fc,slowCycle20Coordinator,0x01b6ce,70,similar
0x0175a6,diagnosticStatisticsSlowCycle20Coordinator,0x0171aa,64,similar
0x0175ba,main_loop,0x019acc,64,similar
0x0181cc,diagnostic_parameter_handler,0x01c640,75,similar
0x0181ea,fuelDemandTableBlendCalculator,0x01c65e,75,similar
0x0183a6,fuelDemandProportionalCalculationSlowCycle40Coordinator,0x01c9d2,81,matched
0x0188f6,fuelDeliverySystemInit,0x00d0fc,63,similar
0x0192c4,serialCommunicationIsrRegister,0x01e25a,86,matched
0x0202a4,hourMeterEventLogger,0x027998,100,matched
0x0207b6,dualCanControllerInit,0x028a04,81,matched
0x0256a4,initDiagnosticProtocol,0x01ce7c,63,similar
0x0258aa,systemControl75,0x02d1e0,80,similar
0x0258e0,memoryPatchingSystem,0x02d216,88,matched
0x0265a4,hardwareTimerFlagsInit,0x02ddce,100,matched
0x0265be,oilPressureRpmFaultMonitor,0x02dde8,80,similar
0x0271b0,parameterLookupForInsite,0x02edb2,94,matched
0x0273c0,systemControlFunction2,0x02efbc,86,matched
0x0281e8,initSensorDataArrays,N/A,0,not_found
0x0283c0,engineSpeedIsrRegister,0x030274,86,matched
0x0283dc,engineRpmHardwareTimerSetup,0x030290,92,matched
0x0284aa,can1ControllerInit,0x030342,92,matched
0x0294ea,canBufferSetup1,0x031b96,81,matched
0x0295d4,ambientConditionsDataBuilder,N/A,0,not_found
0x0301a6,outputControlState1Handler,0x0204b0,72,similar
0x0302c6,outputControlState3Handler,N/A,0,not_found
0x0309da,faultBasedOutputStateCalculator,0x02658c,72,similar
0x0311ea,vp44DiagnosticSensorThresholdMonitor,0x00b210,75,similar
0x0341ea,vp44FsoCircuitFaultDetection,0x017f7c,75,similar
0x0342f6,vp44FsoCircuitFaultDetectionBit1,0x017f7c,75,similar
0x0353ec,liftPumpCommStatusMonitor,N/A,0,not_found
0x035608,exponentialMovingAverage,0x034e9a,100,matched
0x0356f8,coreTableInterpolation,0x034f8a,100,matched
0x0357d2,proportionalCalculation,N/A,0,not_found
0x0357e4,rpmFuelCalculation,N/A,0,not_found
0x0357f6,tableInterpolationLookup,0x034ddc,67,similar
0x01078e,initVp44BufferAddresses,0x0138a0,64,similar
0x01403e,engineOperatingModeStateTrackingSlowCycle40Coordinator,0x017e62,75,similar
0x01462e,protectionPercentageCalculator,0x018708,100,matched
0x01485a,protectionState0FaultDurationCounter,0x018a26,86,matched
0x01517c,protectionStateValidator,0x019436,88,matched
0x01685c,fuelTimingOilPressureModeController,0x01c152,77,similar
0x01721e,phase2_slot_2_handler,0x01b2be,100,matched
0x01724e,phase2_slot_4_handler,0x01b488,86,matched
0x01727e,phase2_slot_6_handler,N/A,0,not_found
0x01743c,emptySlowCycle8Placeholder,0x01b666,69,similar
0x01743e,emptySlowCycle8PlaceholderCase7,0x01b6c6,72,similar
0x01744e,rpmBasedFuelLimiterCoordinator,0x01b714,69,similar
0x01745c,secondaryMonitoringWrapper,0x01b72a,70,similar
0x01746c,diagnosticMonitoringCoordinator,0x01b4ea,63,similar
0x01748e,ioControlSlowCycle10Coordinator,0x01b71a,73,similar
0x01749e,diagnosticCommunicationSlowCycle10Coordinator,0x01b72a,72,similar
0x01752c,fuelCalculationSlowCycle20Coordinator,0x01b71a,70,similar
0x01753c,fuelSmokeLimiterSlowCycle20Coordinator,0x01b722,72,similar
0x01754c,derateProtectionSlowCycle20Coordinator,0x01717a,69,similar
0x01757e,vp44FsoFaultMonitoringSlowCycle20Coordinator,0x01b7d8,61,similar
0x01759e,vp44DiagnosticControlSlowCycle20Coordinator,0x01b85a,70,similar
0x01832a,initFuelDemandCalculationSystem,0x017ef8,75,similar
0x01842a,emptyInit2,0x01ca5a,73,similar
0x01842c,canPinVp44StatusController,0x01ca5c,73,similar
0x01848e,fuel_timing_calculation_with_fault_checking,0x025b1c,70,similar
0x01863e,fuel_delivery_controller,0x025a30,72,similar
0x01883a,fuelRpmDeviationCalculator,0x025ff2,75,similar
0x01892a,fuel_limit_arbitrator,0x0171be,72,similar
0x01920a,canMessageInterruptHandlerSetup,0x01e1a0,86,matched
0x01958c,tpuChannelIsrRegister,0x01e522,86,matched
0x01977e,initVectorTable,0x01e77a,92,matched
0x02588c,systemControl74,0x02d1c2,80,similar
0x02604e,oil_pressure_protection_controller,0x00c180,67,similar
0x02621c,initOilPressureMonitoring,0x026462,75,similar
0x02622e,initMIOS14Timers,0x02e5c0,89,matched
0x02725a,coreSystemFunction,0x02ee62,94,matched
0x02729a,diagnosticServiceDispatcher,0x02eea2,88,matched
0x02732e,canTransmissionTrigger,0x02ef36,86,matched
0x02787e,canTransmissionController,0x021272,92,matched
0x02793e,diagnosticDataDump,0x02f538,75,similar
0x02880e,fuelStatisticsTracker,0x0184cc,63,similar
0x02939c,initInternalRamAndCAN1,0x031428,100,matched
0x02956a,ambientConditionsPGN_65269_Builder,0x031c1a,75,similar
0x03211a,vp44SensorDiagnosticControl,0x00c180,75,similar
0x03544a,vp44FsoFaultEnableController,N/A,0,not_found
0x010504,vp44_communication_state_machine,0x013616,75,similar
0x011060,phase2_sensor_data_processor,0x01452e,88,matched
0x012356,initVP44StatusMonitoring,0x015dd0,81,matched
0x012376,initCANBus,0x015e06,61,similar
0x012484,diagnosticCommandDispatcher,0x015f8e,88,matched
0x013144,parameterCircularBufferWrite,0x016c3c,92,matched
0x013240,emptyPlaceholderFunction,0x016d4c,88,matched
0x013242,tpuTransmissionTrigger,0x016d4e,88,matched
0x013890,canControllerConfigInit,0x017150,94,matched
0x013930,rpmBasedFuelLimitCalculator,0x0177c2,75,similar
0x014090,frictionalLoadTorqueTransitionHandler,0x017eba,81,matched
0x014174,engineOperatingModeStateMachine,0x00b210,67,similar
0x014536,engineOperatingModeInit,0x026aa8,61,similar
0x014546,engineProtectionMultiStateSlowCycle40Coordinator,0x018620,88,matched
0x014664,engineProtectionSystemInit,0x01873e,75,similar
0x015038,protectionCalculationHelper,0x0192f2,100,matched
0x015078,protectionStateProcessor,0x019332,88,matched
0x015272,protectionState3bRpmMonitor,0x01952c,75,similar
0x015448,protectionState2ThresholdCalculator,N/A,0,not_found
0x017164,dutyCycleMonitorBufferInit,0x01b39a,75,similar
0x017236,phase2_slot_3_handler,0x01b470,100,matched
0x017266,phase2_slot_5_handler,0x00c658,66,similar
0x017296,phase2_slot_7_handler,N/A,0,not_found
0x017334,engine_control_cycle,0x01b57e,69,similar
0x017366,engineDiagnosticSystemCoordinator,0x028792,69,similar
0x017404,auxiliarySystemControlWrapper,0x01b7a2,66,similar
0x017412,slowCycle8Coordinator,0x01b78e,67,similar
0x017426,boostPressureControlCoordinator,N/A,0,not_found
0x017434,boost_pressure_control_wrapper,N/A,0,not_found
0x017440,rpm_control_system,0x01b6ba,72,similar
0x017464,slowCycle10Coordinator,0x01b56a,66,similar
0x017486,epsSignalMonitoringCoordinator,0x01b722,72,similar
0x017496,shutdownProtectionSlowCycle10Coordinator,0x01b722,75,similar
0x017504,fuelTimingCoordinator,0x01b604,70,similar
0x017512,slowCycle20ExtendedCoordinator,0x01b5b4,64,similar
0x017534,sensorStatusHistorySlowCycle20Coordinator,0x01b71a,72,similar
0x017544,camSyncDiagnosticProcessingSlowCycle20Coordinator,0x01b72a,70,similar
0x017554,vp44ProtectionSlowCycle20Coordinator,0x01b6f8,67,similar
0x017568,vp44FsoFaultDetectionSlowCycle20Coordinator,0x01b70c,72,similar
0x017570,vp44DiagnosticFaultMonitoringSlowCycle20Coordinator,0x01b7ca,61,similar
0x017586,emptySlowCycle20PlaceholderCase15,0x01b70a,70,similar
0x017588,dzgTimingAndPressureSlowCycle10Coordinator,0x01b70c,70,similar
0x017590,engineModeBasedOutputControlSlowCycle20Coordinator,0x01b6fe,69,similar
0x018428,emptySlowCycle20PlaceholderCase16,0x01ca58,67,similar
0x018590,fuelLimitParameterPointerSetup,0x017ef8,63,similar
0x018620,shutdownMinimumSelector19,0x00b3b2,73,similar
0x019076,fuelTimingModeInit,0x00c246,72,similar
0x020462,mainSystemInitialization,0x028508,84,matched
0x020918,canTransmissionScheduler,0x028b80,70,similar
0x020980,mainCanTransmissionLoop,0x028e32,70,similar
0x025476,diagnosticResponseBuilder,N/A,0,not_found
0x025596,main,0x01dbee,100,matched
0x025768,systemControl64,0x02d09e,88,matched
0x026110,oil_pressure_shutdown_controller,0x02dcb0,75,similar
0x027168,insiteParameterParser,0x02ed6a,94,matched
0x027300,systemControlFunction1,0x02ef08,78,similar
0x027514,systemControlFunction3,0x02f114,86,matched
0x028546,emptyInitPlaceholder,0x0303d2,94,matched
0x029422,diagnosticSessionValidator,0x031ace,94,matched
0x029796,j1939MessageSetup_PGN_65265,0x031c1a,70,similar
0x029868,engineSerialNumberPGN_65259_Builder,0x0320f6,81,matched
0x030226,outputControlState2Handler,N/A,0,not_found
0x030314,outputControlState4Handler,N/A,0,not_found
0x030896,outputControlState5FaultHandler,N/A,0,not_found
0x031306,vp44FaultRegisterBit2Monitor,0x034c36,80,similar
0x031768,vp44InjectionSystemStateController,0x030b62,67,similar
0x031814,fuelTemperatureLimitingPrimary,N/A,0,not_found
0x032380,dzgTimingAndPressureControlStateMachine,0x00c8a0,64,similar
0x033254,initOilPressureProtectionPointers,0x02faba,61,similar
0x034782,vp44FsoFaultDetectionAndProtectionController,0x017f7c,77,similar
0x034976,vp44FsoFaultBit0Monitor,0x017f7c,75,similar
0x035228,multiParameterMinimumSelector,0x00b4f2,67,similar
0x035298,systemStatusMonitor,0x032c7a,70,similar
0x035560,lookupTableInterpolation,0x034de0,94,matched
0x00e052,sendCanSingleFrame,0x0103ba,100,matched
0x00e180,sendCanMessage,0x0104e8,98,matched
0x00d8b4,param_interpolate,N/A,0,not_found
0x00d57c,paramSystemModeController,0x00f796,72,similar
0x00d69c,param_lookup_2,N/A,0,not_found
0x00d632,param_lookup_1,0x00f8c6,81,matched
0x00d756,param_lookup_3,0x00f930,81,matched
0x00fa40,systemFunction8xMaximum,0x011b36,78,similar
0x00c1f0,emptyStubFunction1,0x00c80c,91,matched
0x00c262,emptyStubFunction2,0x01b6e2,72,similar
0x00c8c2,acceleratorThrottleFaultDetector,0x00d2be,73,similar
0x00c9f0,insiteParameterTableIterator,0x00eaec,73,similar
0x00cc34,diagnosticCodeTableSearch,0x00ed34,94,matched
0x00cc64,insiteCommandByteDispatcher,0x00ed64,81,matched
0x00dbc2,fuelBlendTablePointerSetup,0x00d59e,67,similar
0x00dc28,ioControlBasedFuelCalculator,0x00ff6c,72,similar
0x012966,safeDivideWithClamp,0x01645e,100,matched
0x012a26,clampedDivisionCalculator,0x01651e,100,matched
0x012b30,limitedDivisionCalculator,0x016628,100,matched
0x013134,circularBufferEmptyCheck,0x016c2c,94,matched
0x00ebb0,timingAccumulatorUpdate,N/A,0,not_found
0x00f524,pwmFuelDemandOutputCalculator,0x02e5c0,77,similar
0x00dd72,throttleTablePointerSetup,0x0100da,81,matched
0x00ddb4,bufferDecreasingPatternCheck,0x01011c,98,matched
0x00de50,bufferThresholdValidator,0x0101b8,95,matched
0x00def4,throttlePositionValidator,0x01025c,84,matched
0x00e1aa,sendJ1939MultiFrameWrapper,0x010512,92,matched
0x00e1b8,arrayRangeSum,0x010520,94,matched
0x00e1ce,memoryPatchCountDecrement,0x010536,88,matched
0x00ebf2,calibrationDataCopyWithChecksum,0x010e80,86,matched
0x00eca4,calibrationDataCopySecondary,0x010f32,86,matched
0x00ed52,eepromCalibrationWritePrimary,0x010fe0,80,similar
0x00ef80,eepromCalibrationWriteSecondary,0x010fe0,80,similar
0x00f8e4,eepromWriteWrapper,0x011908,84,matched
0x00f906,systemResetWithDiagnostic,N/A,0,not_found
0x00fcb0,crc16Calculate,0x011da6,100,matched
0x00fd02,memoryPatchCrcCalculate,0x011df8,81,matched
0x010366,timingAccumulatorClampedUpdate,N/A,0,not_found
0x00c1f2,modeBasedDataDispatcher,0x00c80e,91,matched
0x00c260,emptyStubFunction3,0x01b666,69,similar
0x010466,circularBufferWriteWithStatus,0x01355e,67,similar
0x010ad8,initHourMeterConversionData,N/A,0,not_found
0x010c98,writeHourMeterConversionData,0x00b130,75,similar
0x010f08,fuelDemandPercentageCalculator,0x01444e,69,similar
0x010fee,diagnosticCodeDebounceHandler,0x0144bc,81,matched
0x0111a2,diagnosticQueueIterator,N/A,0,not_found
0x0111de,oldestDiagnosticTimestampSearch,0x0146b4,94,matched
0x01124a,diagnosticCodeRegistrar,0x014720,88,matched
0x01133c,diagnosticCodeClearHandler,N/A,0,not_found
0x01147c,diagnosticCodeMaskedClear,N/A,0,not_found
0x0115b2,diagnosticStateMachineProcessor,N/A,0,not_found
0x012482,emptyStubFunction4,0x015f8c,88,matched
0x013a1e,fuelTimingModeBlendCalculator,0x0178b0,75,similar
0x014cfc,protectionThresholdPointerInit,0x018f4c,75,similar
0x01542a,shutdownMinimumSelector29,0x0196e4,81,matched
0x01562e,initShutdownLimitVariables,0x019960,69,similar
0x01566a,can1TimerBufferInit,0x01999c,81,matched
0x01578c,delayWithWatchdogServiceWrapper,0x019ac2,73,similar
0x015794,emptyStubFunction5,0x019aca,75,similar
0x015796,rpmTimerInterruptHandler,0x019acc,75,similar
0x015968,can1TimerBufferInitAlt,0x01999c,81,matched
0x015a8a,can1MessageTransmitInit,0x019dd0,100,matched
0x015b48,emptyStubFunction6,0x019aca,75,similar
0x015b4a,rpmTimerInterruptHandlerAlt,0x019acc,75,similar
0x015e96,rpmTimingDeltaComparator,0x01a1e0,75,similar
0x015f26,rpmTimingDeltaComparatorWithReturn,0x01a1e0,75,similar
0x015fb6,can1TimerBufferInitDivided,0x01999c,81,matched
0x0160e2,can1MessageTransmitInit2,0x019dd0,100,matched
0x016190,emptyStubFunction7,0x019aca,75,similar
0x016192,rpmTimerInterruptHandler2,0x019acc,75,similar
0x0163f8,can1TimerBufferInitConditional,0x01a746,75,similar
0x016548,delayWithWatchdogServiceWrapper2,0x019ac2,67,similar
0x016550,emptyStubFunction8,N/A,0,not_found
0x016552,rpmTimerInterruptHandler3,N/A,0,not_found
0x016622,throttleTimeAccumulatorProcessor,0x01a95a,75,similar
0x017278,timerAccumulatorWithWatchdog,N/A,0,not_found
0x017ca6,circularBufferPush,0x01bfa2,100,matched
0x017ce2,circularBufferPop,0x01bfde,100,matched
0x017d1a,circularBufferInit,0x01c016,100,matched
0x017ed4,flashEraseWithWatchdog,0x01c31a,89,matched
0x01802e,flashEraseFromRam,0x01c48c,70,similar
0x01805c,flashProgramWordWithWatchdog,0x01c4ba,83,matched
0x018174,flashProgramFromRam,0x01c5e8,88,matched
0x0181bc,diagnosticStatusDefaultSetter,0x01c630,81,matched
0x0190d8,serialNodeAddressChecker,0x01e056,88,matched
0x019108,serialNodeAddressForwarder,0x01e086,94,matched
0x01917c,serialPort1IsrHandler,0x01e1d0,89,matched
0x019216,emptyStubWrapper1,0x01e1ac,88,matched
0x019228,modeBasedDataDispatcherWrapper,0x01e1be,88,matched
0x01923a,serialPort2IsrHandler,0x01e1d0,94,matched
0x0192d0,tpuTimerChannelEnable,0x01e266,94,matched
0x0192f2,epsPositionSensorIsrHandler,0x01e288,88,matched
0x019598,serialTransmitHandler,0x01e52e,81,matched
0x01965a,serialReceiveBufferProcessor,N/A,0,not_found
0x019738,interruptCounter1Increment,0x01e734,81,matched
0x01976e,interruptCounter2Increment,0x01e76a,92,matched
0x0197c8,bitPatternToIndexConverter,N/A,0,not_found
0x01984e,insiteMultiFrameResponseBuilder,0x01e79a,81,matched
0x019952,insiteMultiFrameContinuation,0x01e89e,75,similar
0x01a398,diagnosticMessage46Builder,0x01f2d0,94,matched
0x01ad50,diagnosticMessage54Builder,0x01fc9c,88,matched
0x01ae20,j1939TimeoutDataClearHandler,0x01fd6c,75,similar
0x01ae74,j1939MessageTypeCounter,0x01fdc0,88,matched
0x01b082,j1939TorqueControlModeParser,0x01ffd6,94,matched
0x01b150,j1939TorqueControlModeClear,0x0200a4,100,matched
0x01b160,j1939TorqueControlModeSet,0x0200b4,94,matched
0x01b56e,j1939DataCopyWrapper,0x02167e,92,matched
0x01b5b6,j1939DataCopyWrapper2Byte,0x02167e,92,matched
0x01b604,j1939DataCopyWrapper2ByteAlt,0x021714,92,matched
0x01b668,j1939DataCopyWrapperExtended,0x021714,92,matched
0x01b6ce,memoryOperationFromMessage,0x0217de,92,matched
0x01b716,memoryOperationFromMessageExtended,0x0217de,92,matched
0x01b8b8,diagnosticGroupPositionBufferStore,0x021f4e,88,matched
0x01b916,diagnosticGroupSnapshotCapture,0x021fac,75,similar
0x01bc1e,byteSwap32,0x0218ca,100,matched
0x01bc52,byteSwap16,0x0218fe,100,matched
0x01bc74,ioControlBitMapper,N/A,0,not_found
0x01bc9c,canDiagnosticResponseSender,0x0222b4,100,matched
0x01c440,vp44CanFrameBuilder,0x022a58,94,matched
0x01c60e,vp44MultiFrameResponseHandler,0x022c26,94,matched
0x01c87e,diagnosticParamRequestHandlerWrapper,0x022e96,100,matched
0x01c88c,vp44FuelTempHandlerWrapper,0x022ea4,100,matched
0x01c89a,diagnosticStatusRequestHandlerWrapper,0x022eb2,100,matched
0x01c8a8,diagnosticErrorHandlerWrapper,0x022ec0,100,matched
0x01cb18,multiPacketBufferAllocator,0x023130,81,matched
0x01cb6e,vp44DiagnosticBufferPointersInit,0x023186,75,similar
0x01cbc2,fuelArbitratorResetHandler,0x0231da,75,similar
0x01cbfe,fuelArbitratorVariablesReset,0x01db9a,67,similar
0x01d1ec,ioControlTimeoutTableLookup,0x023870,88,matched
0x01d228,ioControlEntryAdd,0x0238ac,88,matched
0x01d268,ioControlTimeoutEntryAdd,0x0238ec,88,matched
0x01d3b8,ioControlEntryRemove,0x023a3c,88,matched
0x01d80c,ioControlMaskStateMachine,0x024858,78,similar
0x01d8cc,ioControlToggleCycle,0x0249b6,88,matched
0x01d904,ioControlLampStateMachine,0x0249ee,75,similar
0x01d9ea,ioControlDigitDisplaySequencer,0x024b4e,75,similar
0x01dae8,activeFaultCodeIteratorForward,N/A,0,not_found
0x01db2e,activeFaultCodeIteratorBackward,N/A,0,not_found
0x01db66,faultCodeDisplayController,0x024d40,72,similar
0x01dd00,activeFaultLampStateMachine,0x024f30,75,similar
0x01dfc2,faultLampBlinkPatternGenerator,0x025316,63,similar
0x01e050,waitToStartLampBlinkPattern,N/A,0,not_found
0x01e0d6,periodicLampFlashController,0x025448,75,similar
0x01e2d2,epsDiagnosticModeChecker,N/A,0,not_found
0x01e33a,epsDiagnosticSnapshotCapture,0x0258b8,63,similar
0x01e358,epsDiagnosticVariablesInit,0x0258d6,75,similar
0x01e3dc,governorFuelModeBlendCalculator,0x0178b0,67,similar
0x01e78e,governorPidFuelCalculator,0x026340,63,similar
0x01e92e,epsAccelerationMonitor,0x02609c,75,similar
0x01eade,epsRpmTrackingInit,0x026252,69,similar
0x01eaf6,epsControlModeReset,0x02626a,81,matched
0x01eafe,epsOverrideChecker,0x026272,75,similar
0x01eb2a,epsControlModeSelector,0x02629e,72,similar
0x01eb86,epsInitializationWrapper,0x0262fa,72,similar
0x01eb94,epsControlModeInit,0x026308,73,similar
0x01ebcc,epsDiagnosticModeHandler,0x026340,88,matched
0x01ecee,epsCounterReset,0x00b4ea,69,similar
0x01ee2c,epsRpmTargetModeChecker,0x0265e6,81,matched
0x01ef20,qadcDataCollectionStateMachine,0x0266da,83,matched
0x01f068,tpuQadcInterruptHandler,0x026830,84,matched
0x01f08e,emptyStubWrapper2,0x02685a,77,similar
0x01fa00,insiteActiveFaultListBuilder,0x026eec,75,similar
0x01fafe,insiteFaultDetailBuilder,0x026fea,70,similar
0x01fec4,insiteEcuIdResponseBuilder,0x02758e,81,matched
0x02003c,insiteCapacityResponseBuilder,0x027706,81,matched
0x02011c,insiteVersionInfoBuilder,0x02758e,80,similar
0x020780,phase4InitSequence,0x028990,69,similar
0x020de4,vp44StatusInitAndWait,0x027af0,100,matched
0x024d06,huffmanTreeBuilder,0x003640,94,matched
0x024e58,huffmanDecompress,0x003792,94,matched
0x024efc,huffmanDecompressMain,0x003836,100,matched
0x024f36,busyWaitDelayLoop,0x003870,100,matched
0x024f50,portPinTestSequence1,0x00388a,100,matched
0x025020,waitForPortPinStable,0x00397a,94,matched
0x02504e,portPinTestSequence2,0x00388a,89,matched
0x025108,tpuAndQadcVerification,0x0039a8,100,matched
0x0251f4,hardwareInitAndStartup,0x003a94,98,matched
0x025356,ramClearWithWatchdog,0x003c20,88,matched
0x0253a6,flashBootloaderProgrammer,N/A,0,not_found
0x02544a,dataBufferCopy,N/A,0,not_found
0x0258c8,memoryPatchBufferInit,0x02d1fe,75,similar
0x025ece,fuelDemandProportionalCalculator,0x02d9d2,86,matched
0x025fda,fuelDemandScaleFactorCalculator,0x01f84e,63,similar
0x0260ec,rpmSnapshotCapture,0x02dc8c,69,similar
0x0260fe,fuelDemandTablePointerInit,0x0258d6,75,similar
0x027314,diagnosticResponseHandler2,0x02ef1c,78,similar
0x027342,diagnosticServiceByteHandler,0x022de6,66,similar
0x0273d4,fuelArbitratorMessageHandler,0x02efd0,86,matched
0x027528,torqueControlModeHandler,0x02f128,81,matched
0x0278be,diagnosticServiceDispatcherByPgn,0x02efd0,73,similar
0x0279ee,retarderModeThresholdCalculator,0x01025c,69,similar
0x027aca,retarderPercentageScaler,N/A,0,not_found
0x027afa,retarderControlModeHandler,0x02f7e6,75,similar
0x027e3e,torqueControlAddressDispatcher,0x02fb70,92,matched
0x027e9c,diagnosticTableEntryRemover,N/A,0,not_found
0x027ef0,diagnosticTableEntryClear,0x02fddc,94,matched
0x027f4c,diagnosticTableSnapshotCapture,0x02fe38,81,matched
0x028220,tpuChannelStateMachine,0x0300d4,81,matched
0x02853c,emptyStubFunction9,0x0303c8,63,similar
0x028548,engineStatisticsAccumulator,0x0303d4,94,matched
0x028588,runTimeCountersUpdate,0x030414,69,similar
0x0285c8,runTimeCountersUpdateAlt,0x030454,69,similar
0x033524,vp44TimingRangeValidation,N/A,0,not_found
0x02b476,setDiagnosticSourceFromFuelArbitrator,0x034540,81,matched
0x02b49a,setDiagnosticSourceFromEngineFlags,0x034564,88,matched
0x02f85c,shutdownMinimumSelector20,0x030c14,81,matched
0x02f83e,shutdownMinimumSelector28,0x030bf6,81,matched
0x02de68,shutdownMinimumSelector21,0x00b3b2,73,similar
0x02b23a,vehicleDistanceDataBuilder,0x034234,63,similar
0x02b2f4,retarderDataBuilder,0x0342f0,94,matched
0x02b398,vehicleHoursDataBuilder,0x033718,63,similar
0x02bb2e,watchdogServiceLoop,0x034bba,100,matched
0x02bc06,fuelDemandLimitMinimumUpdater,0x00b4ce,75,similar
0x02c4de,initProtectionTablePointer,N/A,0,not_found
0x02c506,fuelTempControlFlagChecker,N/A,0,not_found
0x029476,diagnosticCanResponseSender,0x031b22,88,matched
0x029522,ambientConditionsDataBuilder,N/A,0,not_found
0x0297fc,engineSerialNumberDataBuilder,N/A,0,not_found
0x0298d8,diagnosticMultiPacketResponseBuilder,0x03216a,94,matched
0x029976,activeDtcListBuilder,0x0322ae,88,matched
0x029ae4,previousDtcListBuilder,0x03241c,88,matched
0x02a100,diagnosticDM5DataBuilder,0x032a42,80,similar
0x02a1f6,diagnosticByteResponseSender,0x032b38,80,similar
0x02a856,engineFluidLevelDataBuilder,N/A,0,not_found
0x02abf2,intakeExhaustConditionsDataBuilder,N/A,0,not_found
0x02adec,ioControlDataBuilder,0x033c6c,94,matched
0x02af52,intakeManifoldDataBuilder,N/A,0,not_found
0x02f748,protectionLimitValueInit,0x030b04,63,similar
0x02f754,fuelDemandLimitSelector4,0x030b10,88,matched
0x02f778,fuelDemandUpdateOrchestrator,0x028816,72,similar
0x02f8dc,dualTableLookupSum,0x00d23c,75,similar
0x02f920,interpolationTableSetup,0x00d280,63,similar
0x02f9e0,vp44StateProcessor,N/A,0,not_found
0x02fd5e,vp44TimingStateInit,N/A,0,not_found
0x02fdfe,vp44TimingValuesInit,N/A,0,not_found
0x030cb0,fuelDemandLimitSelector11,0x01ca54,70,similar
0x0317c2,fuelDemandState24Override,N/A,0,not_found
0x0317ee,fuelDemandControllerInit,N/A,0,not_found
0x02f986,vp44StateVariablesInit,N/A,0,not_found
0x02fa84,vp44StateDebounceFilter,0x00b4f2,69,similar
0x02fb08,vp44StateToControlModeMapper,N/A,0,not_found
0x02fb28,vp44OperatingConditionChecker,0x026b00,69,similar
0x02fba2,vp44FuelControlConditionChecker,N/A,0,not_found
0x02fbc8,vp44State2TransitionHandler,0x00fa06,63,similar
0x02fc40,vp44State1TransitionHandler,N/A,0,not_found
0x02fc76,vp44State3Or4TransitionChecker,N/A,0,not_found
0x02fcac,vp44StateOutputSelector,N/A,0,not_found
0x02fcc8,vp44FaultStateCodeMapper,N/A,0,not_found
0x0313c4,fuelDemandFaultFlagUpdater,N/A,0,not_found
0x031394,fuelDemandConditionFlagBuilder,N/A,0,not_found
0x03141c,fuelDemandLimitSource2Selector,0x02658c,61,similar
0x03145a,fuelDemandLimitSource3Selector,N/A,0,not_found
0x031494,fuelDemandLimitSource4Selector,N/A,0,not_found
0x0314c6,fuelDemandOverrideStateSelector,N/A,0,not_found
0x0314ee,fuelDemandLimitOrchestrator,0x023244,67,similar
0x030542,outputControlStateToModeMapper,N/A,0,not_found
0x030578,outputControlStateMachineSelector,0x00b4f2,75,similar
0x03068a,outputControlTimingGenerator,0x00b210,67,similar
0x030914,sensorFaultBasedRpmSourceSelector,0x00b4f2,75,similar
0x030a8e,outputControlFlagsInit,N/A,0,not_found
0x030c3e,fuelDemandTablePointersInit,0x026a7e,81,matched
0x030cec,simTimerControlInit,N/A,0,not_found
0x031c06,ioControlRegistersInit,N/A,0,not_found
0x0320bc,vp44DiagnosticStateInit,N/A,0,not_found
0x0320dc,vp44ControlFlagsInit,N/A,0,not_found
0x02d688,vp44ControlVariablesReset,0x00e97e,67,similar
0x02d74a,minimumOfTwoValues,N/A,0,not_found
0x02d75e,fuelLimitDecreaseWithFloor,N/A,0,not_found
0x02d782,fuelLimitIncreaseWithCeiling,N/A,0,not_found
0x02d90c,fuelLimitEngineStateCapture,N/A,0,not_found
0x02d92c,fuelLimitRestoreFromCapture,0x03061a,61,similar
0x02d96a,diagnosticRpmBasedFuelLimitCalculator,0x01709a,67,similar
0x02da0e,diagnosticFuelLimitInterpolator,0x01c03c,75,similar
0x02db10,engineStateFuelLimitInterpolator,0x00b4f2,75,similar
0x02ddea,fuelArbitratorVariablesInit,N/A,0,not_found
0x02e282,calibrationDataValidatorInit,N/A,0,not_found
0x02e3a8,derateTablePointerInit,N/A,0,not_found
0x02e5fe,boostPressureControlStateInit,N/A,0,not_found
0x02e6c2,accumulatorWithOverflowCarry,0x0303d4,94,matched
0x02e702,fuelDemandStatisticsAccumulator,N/A,0,not_found
0x02e786,boostPressureStatisticsAccumulator,N/A,0,not_found
0x02e7b0,fuelLimitExceedanceStatisticsAccumulator,0x00fb26,69,similar
0x02e84a,rpmHistogramAndProtectionStatisticsAccumulator,0x00c66a,66,similar
0x02ecec,statisticsTrackingFlagsReset,0x02322a,66,similar
0x02ed06,timerCaptureAverageCalculator,N/A,0,not_found
0x02ed96,timerCaptureHardwareInit,0x034696,88,matched
0x02ee28,vp44FaultThresholdTablesInit,0x01a95e,63,similar
0x02f5f2,oilPressureTablePointersInit,N/A,0,not_found
0x032342,dzgTimingStateVariablesInit,N/A,0,not_found
0x032b00,sensorHistoryTablePointerInit,0x01ae0c,64,similar
0x032b72,oilPressureRpmLimitTargetSelector,N/A,0,not_found
0x0332ce,vp44FaultProtectionSystemInit,N/A,0,not_found
0x033880,vp44CanMessage100Parser,N/A,0,not_found
0x0339c2,vp44CanMessage100ResponseBuilder,0x03407a,81,matched
0x033a3a,vp44CanMessage200Parser,N/A,0,not_found
0x033b8c,vp44CanMessage200ResponseBuilder,N/A,0,not_found
0x033bf2,vp44CanMessage300Parser,N/A,0,not_found
0x0350ae,vp44Message300FaultFlagProcessor,0x032c7a,70,similar
0x035488,vp44RpmBasedFaultDetector,0x00c326,64,similar
0x035548,vp44FaultBit5Reset,N/A,0,not_found
0x00eaf0,diagnosticMemoryAddressResolver,0x010e16,81,matched
0x01913e,canFrameDataCopy,0x01e0bc,88,matched
0x01b532,j1939MemoryDataCopyResolver,0x021642,92,matched
0x02860c,fuelDemandFaultCounterIncrement,0x0304c8,81,matched
0x028638,rpmHistogramAndAveragingStatistics,0x0304f4,75,similar
0x028b78,protectionFlagAccumulator,0x030a64,80,similar
0x02b5aa,pwmTimerMode0Init,0x034674,88,matched
0x02b6c2,pwmTimerMode0Reset,0x03478c,94,matched
0x02b744,pwmTimerMode1ChannelSetup,0x03480e,81,matched
0x02b880,pwmTimerMode1Update,0x03494a,81,matched
0x02b9b8,pwmTimerModeDispatcher,0x034a82,88,matched
0x02ba56,pwmTimerCycleAdvance,0x034b20,81,matched
0x02bbac,trendingDataTableLookup,N/A,0,not_found
0x02c252,fuelTimingTransitionStateMachine,0x00c180,75,similar
0x02c51a,diagnosticModeFuelAdjustmentCalculator,N/A,0,not_found
0x02c870,engineProtectionTimeoutCalculator,N/A,0,not_found
0x02c8fe,engineProtectionScaledValueCalculator,N/A,0,not_found
0x02c968,protectionThresholdDivider,N/A,0,not_found
0x02cb08,diagnosticFuelGainCalculator,N/A,0,not_found
0x02d210,diagnosticMode10FuelController,0x00d3e6,63,similar
0x02d3fa,diagnosticParameterPointersInit,N/A,0,not_found
0x02d43e,vp44DiagnosticModeStateMachine,N/A,0,not_found
0x0343f8,vp44FsoFaultRangeMonitor,0x017f7c,75,similar
0x0344e8,vp44TimingFaultMonitor,0x017f7c,75,similar
0x03566e,signedLinearInterpolation,0x034f00,100,matched
0x03574e,unsignedLinearInterpolation,0x034f00,100,matched
