name,comment,memory_address,length,type,unit
ConfigFile.4DTA00XA, ENGINE SPEED AXIS FOR THE TRANSIENT TIMING ADVANCE TABLE (17 VALUES), 00060D1E, 19, 4, RPM
4DTA00YA, FUELING  AXIS FOR THE TRANSIENT TIMING TABLE (9 VALUES), 00060D1E, 16, 4, MM3S
ConfigFile.4DTA00ZA, TIMING ADVANCE LOOK-UP TABLE FOR TRANSIENT ENGINE OPERATION (9 X 17 VA, 00060D1E, 2, 6, DEG
ConfigFile.4DTA01XA, ENGINE SPEED AXIS FOR THE STEADY STATE TIMING ADVANCE TABLE (17 VALUES, 00060A74, 19, 4, RPM
4DTA01YA, FUELING AXIS FOR THE STEADY STATE TIMING TABLE (9 VALUES), 00060A74, 16, 4, MM3S
ConfigFile.4DTA01ZA, TIMING ADVANCE LOOK-UP TABLE FOR STEADY STATE ENGINE OPERATION (9 X 17, 00060A74, 2, 6, DEG
ConfigFile.4DTBTA, TIMING ADVANCE VALUE CALCULATED FROM THE 4D TIMING TABLE -VALID ONLY W, 0080D344, 2, 0, DEG
ConfigFile.5DFL00ZA, TRANSIENT FUEL LOOK-UP TABLE USED BY 4D FUELING TO DETERMINE THROTTLE, 00060982, 2, 6, MM3S
5DFL00YA, THROTTLE AXIS FOR THE TRANSIENT 4D FUELING TABLE (4 VALUES), 00060982, 4, 4, %
ConfigFile.5DFL00ZA, TRANSIENT FUEL LOOK-UP TABLE USED BY 4D FUELING TO DETERMINE THROTTLE, 00060982, 2, 6, MM3S
ConfigFile.5DFL01XA, ENGINE SPEED AXIS FOR THE STEADY STATE 4D FUELING TABLE (17 VALUES), 000608A4, 21, 4, RPM
5DFL01YA, THROTTLE AXIS FOR THE STEADY STATE 4D FUELING TABLE (4 VALUES), 000608A4, 4, 4, %
ConfigFile.5DFL01ZA, SS FUEL LOOK-UP TABLE USED BY 4D FUELING TO DETERMINE THROTTLE COMMAND, 000608A4, 2, 6, MM3S
ConfigFile.5DFLAJ, INCREMENTAL FUELING VALUE ADDED TO 4-D FUELING VALUE, 01000430, 2, 0, MM3S
ConfigFile.AAPRSNST, ENABLE FLAG THAT INDICATES PRESENCE OF AN AMBIENT AIR PRESSURE SENSOR, 00807CF8, 2, 0, NONE
ConfigFile.ACACDBCU, ALG EXECUTIONS TO SUSPEND AC AFTER SHUTOFF FROM ACCEL, 00807A02, 2, 0, SEC
ConfigFile.ACCHEA, COMMAND TO A/C COMPRESSOR CLUTCH SOLENOID, 0080A27E, 2, 0, 1-ON
ConfigFile.ACCHHY, HYSTERESIS DURATION ON AC COMPRESSOR CLUTCH, 008079FE, 2, 0, SEC
ConfigFile.ACESDB, SPEED BELOW WHICH AC CLUTCH IS DISABLED, 00807A06, 2, 0, RPM
ConfigFile.ACHIAC, RAPID VEHICLE ACCEL FLAG, 0080A280, 2, 0, 1-ON
ConfigFile.ACSWCULM, THRESHOLD ON SW ERR COUNTER FOR FAULT, 00807A04, 2, 0, SEC
ConfigFile.ACSWERCU, COUNTER FOR CYCLE, HIGH PRESS MISMATCH, 0080A282, 2, 0, SEC
ConfigFile.ACVSACCO, ACCEL THRESHOLD TO DISABLE A/C, 00807A00, 2, 0, MPHS
ConfigFile.ADAAPRCA, AMBIENT_AIR_PRESSURE_CHANNEL_ADDRESS, 00806C12, 2, 0, NONE
ConfigFile.ADAAPRCC, A/D FAULT CLEAR COUNTS FOR AMBIENT AIR PRESSURE, 00806C06, 2, 0, 
ConfigFile.ADAAPRCS, A/D DIGITAL FILTER CONSTANT FOR AMBIENT AIR PRESSURE, 00806C02, 2, 0, 
ConfigFile.ADAAPRDT, A/D FAULT DECREMENT FOR AMBIENT AIR PRESSURE, 00806C08, 2, 0, CNTS
ConfigFile.ADAAPRFT, FILTERED AMBIENT AIR PRESSURE AS READ AND SCALED FROM A/D ALGORITHM, 0080A3BA, 2, 0, INHG
ConfigFile.ADAAPRHE, ERROR NUMBER STORAGE FOR AMBIENT_AIR_PRESSURE_HIGH_ERROR, 00806C16, 1, 0, NONE
ConfigFile.ADAAPRHL, A/D HIGH ERROR LIMIT FOR AMBIENT AIR PRESSURE, 00806C0E, 2, 0, 
ConfigFile.ADAAPRIC, A/D FAULT INCREMENT FOR AMBIENT AIR PRESSURE, 00806C0A, 2, 0, CNTS
ConfigFile.ADAAPRLE, ERROR NUMBER STORAGE FOR AMBIENT_AIR_PRESSURE_LOW_ERROR, 00806C17, 1, 0, NONE
ConfigFile.ADAAPRLL, A/D LOW ERROR LIMIT FOR AMBIENT AIR PRESSURE, 00806C10, 2, 0, 
ConfigFile.ADAAPRMU, CHANNEL MUX SETTING, 00806C14, 1, 0, NONE
ConfigFile.ADAAPRRC, RAW COUNTS FOR AMBIENT AIR PRESSURE, 0080A3C2, 2, 0, 
ConfigFile.ADAAPRSA, A/D SAMPLE PERIOD FOR AMBIENT AIR PRESSURE, 00806C19, 1, 0, MSEC
ConfigFile.ADAAPRSE, A/D FAULT SET FOR AMBIENT AIR PRESSURE, 00806C0C, 2, 0, CNTS
ConfigFile.ADAAPRTE, ERROR NUMBER STORAGE FOR TRI STATE ERROR - AMBIENT AIR PRESSURE, 00806C18, 1, 0, NONE
ConfigFile.ADAAPRTS, TRI STATE FLAG - AMBIENT AIR PRESSURE, 00806C15, 1, 0, 
ConfigFile.ADAAPRUF, UNFILTERED AND LINEARIZED AMBIENT AIR PRESSURE, 0080A3BC, 2, 0, INHG
ConfigFile.ADAAPRXA, AMBIENT AIR LINEARIZATION TABLE, X-AXIS, 00806F3C, 4, 4, CNTS
(null), , 00806F3C, , , 
ConfigFile.ADBS01, BLANK SPOT IN THE ADJUSTABLE_PARAMETERS.H FILE, 010000EC, 2, 0, NONE
ConfigFile.ADBS02, BLANK SPOT IN THE ADJUSTABLE_PARAMETERS.H FILE, 010000EE, 2, 0, NONE
ConfigFile.ADBS03, BLANK SPOT IN THE ADJUSTABLE_PARAMETERS.H FILE, 010000F0, 2, 0, NONE
ConfigFile.ADBS04, BLANK SPOT IN THE ADJUSTABLE_PARAMETERS.H FILE, 010000F2, 2, 0, NONE
ConfigFile.ADBS05, BLANK SPOT IN THE ADJUSTABLE_PARAMETERS.H FILE, 010000FA, 2, 0, NONE
ConfigFile.ADBS06, BLANK SPOT IN THE ADJUSTABLE_PARAMETERS.H FILE, 010000FC, 2, 0, NONE
ConfigFile.ADBS07, BLANK SPOT IN THE ADJUSTABLE_PARAMETERS.H FILE, 010000FE, 2, 0, NONE
ConfigFile.ADBS08, BLANK SPOT IN THE ADJUSTABLE_PARAMETERS.H FILE, 0100010A, 2, 0, NONE
ConfigFile.ADBS09, BLANK SPOT IN THE ADJUSTABLE_PARAMETERS.H FILE, 0100010C, 2, 0, NONE
ConfigFile.ADBS10, BLANK SPOT IN THE ADJUSTABLE_PARAMETERS.H FILE, 0100010E, 2, 0, NONE
ConfigFile.ADBS11, BLANK SPOT IN THE ADJUSTABLE_PARAMETERS.H FILE, 01000110, 2, 0, NONE
ConfigFile.ADBS12, BLANK SPOT IN THE ADJUSTABLE_PARAMETERS.H FILE, 01000112, 2, 0, NONE
ConfigFile.ADBS13, BLANK SPOT IN THE ADJUSTABLE_PARAMETERS.H FILE, 01000114, 2, 0, NONE
ConfigFile.ADBS14, BLANK SPOT IN THE ADJUSTABLE_PARAMETERS.H FILE, 01000118, 4, 0, NONE
ConfigFile.ADBS15, BLANK SPOT IN THE ADJUSTABLE_PARAMETERS.H FILE, 01000120, 2, 0, NONE
ConfigFile.ADBS16, BLANK SPOT IN THE ADJUSTABLE_PARAMETERS.H FILE, 01000122, 2, 0, NONE
ConfigFile.ADBS17, BLANK SPOT IN THE ADJUSTABLE_PARAMETERS.H FILE, 01000124, 2, 0, NONE
ConfigFile.ADBS18, BLANK SPOT IN THE ADJUSTABLE_PARAMETERS.H FILE, 01000126, 2, 0, NONE
ConfigFile.ADBS19, BLANK SPOT IN THE ADJUSTABLE_PARAMETERS.H FILE, 01000128, 2, 0, NONE
ConfigFile.ADBS20, BLANK SPOT IN THE ADJUSTABLE_PARAMETERS.H FILE, 0100012A, 2, 0, NONE
ConfigFile.ADBS21, BLANK SPOT IN THE ADJUSTABLE_PARAMETERS.H FILE, 0100012C, 2, 0, NONE
ConfigFile.ADBS22, BLANK SPOT IN ADJUSTABLE_PARAMETERS.H, 01000116, 2, 0, NONE
ConfigFile.ADBS23, BLANK SPOT IN ADJUSTABLE_PARAMETERS.H, 0100011C, 2, 0, NONE
ConfigFile.ADBS24, BLANK SPOT IN ADJUSTABLE_PARAMETERS.H, 0100011E, 2, 0, NONE
ConfigFile.ADBSPRCA, BOOST_PRESSURE_CHANNEL_ADDRESS, 00806B6A, 2, 0, NONE
ConfigFile.ADBSPRCC, A/D FAULT CLEAR COUNTS FOR BOOST PRESSURE, 00806B5E, 2, 0, 
ConfigFile.ADBSPRCS, A/D DIGITAL FILTER CONSTANT FOR BOOST PRESSURE, 00806B5A, 2, 0, 
ConfigFile.ADBSPRDT, A/D FAULT DECREMENT FOR BOOST PRESSURE, 00806B60, 2, 0, CNTS
ConfigFile.ADBSPRHE, ERROR NUMBER STORAGE FOR BOOST_PRESSURE_HIGH_ERROR, 00806B6E, 1, 0, NONE
ConfigFile.ADBSPRHL, A/D HIGH ERROR LIMIT FOR BOOST PRESSURE, 00806B66, 2, 0, 
ConfigFile.ADBSPRIC, A/D FAULT INCREMENT FOR BOOST PRESSURE, 00806B62, 2, 0, CNTS
ConfigFile.ADBSPRLE, ERROR NUMBER STORAGE FOR BOOST_PRESSURE_LOW_ERROR, 00806B6F, 1, 0, NONE
ConfigFile.ADBSPRLL, A/D LOW ERROR LIMIT FOR BOOST PRESSURE, 00806B68, 2, 0, 
ConfigFile.ADBSPRMU, CHANNEL MUX SETTING, 00806B6C, 1, 0, NONE
ConfigFile.ADBSPRSA, A/D SAMPLE PERIOD FOR BOOST PRESSURE, 00806B71, 1, 0, MSEC
ConfigFile.ADBSPRSE, A/D FAULT SET FOR BOOST PRESSURE, 00806B64, 2, 0, CNTS
ConfigFile.ADBSPRTE, ERROR NUMBER STORAGE FOR TRI STATE ERROR - BOOST PRESSURE, 00806B70, 1, 0, NONE
ConfigFile.ADBSPRTS, TRI STATE FLAG - BOOST PRESSURE, 00806B6D, 1, 0, 
ConfigFile.ADBSPRXA, BOOST PRESSURE LINEARIZATION TABLE, X-AXIS, 00806E4C, 4, 4, CNTS
(null), , 00806E4C, , , 
ConfigFile.ADBTVTCA, BATTERY_VOLTAGE_CHANNEL_ADDRESS, 00806C2A, 2, 0, NONE
ConfigFile.ADBTVTCC, A/D FAULT CLEAR COUNTS FOR BATTERY VOLTAGE, 00806C1E, 2, 0, 
ConfigFile.ADBTVTCS, A/D DIGITAL FILTER CONSTANT FOR BATTERY VOLTAGE, 00806C1A, 2, 0, 
ConfigFile.ADBTVTDT, A/D FAULT DECREMENT FOR BATTERY VOLTAGE, 00806C20, 2, 0, CNTS
ConfigFile.ADBTVTFT, FILTERED AND LINEARIZED BATTERY VOLTAGE, 0080A3D0, 2, 0, VOLT
ConfigFile.ADBTVTHE, ERROR NUMBER STORAGE FOR BATTERY_VOLTAGE_HIGH_ERROR, 00806C2E, 1, 0, NONE
ConfigFile.ADBTVTHL, A/D HIGH ERROR LIMIT FOR BATTERY VOLTAGE, 00806C26, 2, 0, 
ConfigFile.ADBTVTIC, A/D FAULT INCREMENT FOR BATTERY VOLTAGE, 00806C22, 2, 0, CNTS
ConfigFile.ADBTVTLE, ERROR NUMBER STORAGE FOR BATTERY_VOLTAGE_LOW_ERROR, 00806C2F, 1, 0, NONE
ConfigFile.ADBTVTLL, A/D LOW ERROR LIMIT FOR BATTERY VOLTAGE, 00806C28, 2, 0, 
ConfigFile.ADBTVTMU, CHANNEL MUX SETTING, 00806C2C, 1, 0, NONE
ConfigFile.ADBTVTSA, A/D SAMPLE PERIOD FOR BATTERY VOLTAGE, 00806C31, 1, 0, MSEC
ConfigFile.ADBTVTSE, A/D FAULT SET FOR BATTERY VOLTAGE, 00806C24, 2, 0, CNTS
ConfigFile.ADBTVTTE, ERROR NUMBER STORAGE FOR IN_RANGE_ERROR - BATTERY VOLTAGE, 00806C30, 1, 0, NONE
ConfigFile.ADBTVTTS, TRI STATE FLAG - BATTERY VOLTAGE, 00806C2D, 1, 0, 
ConfigFile.ADBTVTUF, UNFILTERED AND LINEARIZED BATTERY VOLTAGE, 0080A3D2, 2, 0, VOLT
ConfigFile.ADBTVTXA, BATTERY VOLTAGE LINEARIZATION TABLE, X-AXIS, 00806F4C, 2, 4, CNTS
(null), , 00806F4C, , , 
ConfigFile.NLCLFLYA, COOLANT TEMPERATURE BASED FUEL ADJUSTMENT TO NO LOAD FUEL, 00061236, 2, 5, MM3S
ConfigFile.ADCLTPCA, COOLANT_TEMPERATURE_CHANNEL_ADDRESS, 00806B82, 2, 0, NONE
ConfigFile.ADCLTPCC, A/D FAULT CLEAR COUNTS FOR COOLANT TEMPERATURE, 00806B76, 2, 0, 
ConfigFile.ADCLTPCS, A/D DIGITAL FILTER CONSTANT FOR COOLANT TEMPERATURE, 00806B72, 2, 0, 
ConfigFile.ADCLTPDT, A/D FAULT DECREMENT FOR COOLANT TEMPERATURE, 00806B78, 2, 0, CNTS
ConfigFile.ADCLTPFT, FILTERED AND LINEARIZED COOLANT TEMPERATURE, 0080A336, 2, 0, DEGF
ConfigFile.ADCLTPGD, GLOBAL DEFAULT VALUE TO COOLANT TEMPERATURE, 00806B74, 2, 0, DEGF
ConfigFile.ADCLTPHE, ERROR NUMBER STORAGE FOR COOLANT_TEMPERATURE_HIGH_ERROR, 00806B86, 1, 0, NONE
ConfigFile.ADCLTPHL, A/D HIGH ERROR LIMIT FOR COOLANT TEMPERATURE, 00806B7E, 2, 0, 
ConfigFile.ADCLTPIC, A/D FAULT INCREMENT FOR COOLANT TEMPERATURE, 00806B7A, 2, 0, CNTS
ConfigFile.ADCLTPLE, ERROR NUMBER STORAGE FOR COOLANT_TEMPERATURE_LOW_ERROR, 00806B87, 1, 0, NONE
ConfigFile.ADCLTPLL, A/D LOW ERROR LIMIT FOR COOLANT TEMPERATURE, 00806B80, 2, 0, 
ConfigFile.ADCLTPMN, MINIMUM TEMPERATURE THRESHOLD FOR COOLANT TEMPERATURE FUEL LIMITING, 00807060, 2, 0, DEGF
ConfigFile.ADCLTPMU, CHANNEL MUX SETTING, 00806B84, 1, 0, NONE
ConfigFile.ADCLTPMX, MAXIMUM TEMPERATURE THRESHOLD FOR COOLANT TEMPERATURE FUEL LIMITING, 00807062, 2, 0, DEGF
ConfigFile.ADCLTPSA, A/D SAMPLE PERIOD FOR COOLANT TEMPERATURE, 00806B89, 1, 0, MSEC
ConfigFile.ADCLTPSD, SHUTDOWN THRESHOLD FOR COOLANT TEMP FUEL, 00807066, 2, 0, DEGF
ConfigFile.ADCLTPSE, A/D FAULT SET FOR COOLANT TEMPERATURE, 00806B7C, 2, 0, 
ConfigFile.ADCLTPTE, ERROR NUMBER STORAGE FOR TRI STATE ERROR - COOLANT TEMPERATURE, 00806B88, 1, 0, NONE
ConfigFile.ADCLTPTS, TRI STATE FLAG - COOLANT TEMPERATURE, 00806B85, 1, 0, 
ConfigFile.ADCLTPUF, UNFILTERED AND LINEARIZED COOLANT TEMPERATURE, 0080A338, 2, 0, DEGF
ConfigFile.ADCLTPUV, USER VALUE FOR COOLANT TEMPERATURE, 00000000, 2, 0, DEGF
ConfigFile.ADCLTPXA, COOLANT TEMPERATURE LINEARIZATION TABLE, X-AXIS, 00806E8A, 25, 4, CNTS
(null), , 00806E8A, , , 
ConfigFile.ADCLXA, COOLANT TEMPERATURE AXIS FOR THE COOLANT ADVANCE TIMING INCREMENT TABL, 00060584, 8, 4, DEGF
ConfigFile.ADCRCA, CRUISE_CONTROL_SWITCH_MUX_CHANNEL_ADDRESS, 00806CBA, 2, 0, NONE
ConfigFile.ADCRFC, A/D FAULT CLEAR COUNTS FOR CC SWITCH MUX, 00806CAE, 2, 0, CNTS
ConfigFile.ADCRFD, A/D FAULT DECREMENT FOR CC SWITCH MUX, 00806CB0, 2, 0, CNTS
ConfigFile.ADCRFI, A/D FAULT INCREMENT FOR CC SWITCH MUX, 00806CB2, 2, 0, CNTS
ConfigFile.ADCRFS, A/D FAULT SET FOR CC SWITCH MUX, 00806CB4, 2, 0, CNTS
ConfigFile.ADCRFTCS, A/D DIGITAL FILTER CONSTANT FOR CC SWITCH MUX, 00806CAA, 2, 0, NONE
ConfigFile.ADCRGD, GLOBAL DEFAULT VALUE FOR CC SWITCH MUX, 00806CAC, 2, 0, NONE
ConfigFile.ADCRHE, ERROR NUMBER STORAGE FOR CRUISE_CONTROL_SWITCH_MUX_HIGH_ERROR, 00806CBE, 1, 0, NONE
ConfigFile.ADCRHL, A/D HIGH ERROR LIMIT FOR CC SWITCH MUX, 00806CB6, 2, 0, CNTS
ConfigFile.ADCRLE, ERROR NUMBER STORAGE FOR CRUISE_CONTROL_SWITCH_MUX_LOW_ERROR, 00806CBF, 1, 0, NONE
ConfigFile.ADCRLL, A/D LOW ERROR LIMIT FOR CC SWITCH MUX, 00806CB8, 2, 0, 
ConfigFile.ADCRLZXA, CC SWITCH MUX LINEARIZATION TABLE, X-AXIS, 00806FB4, 18, 4, CNTS
(null), , 00806FB4, , , 
ConfigFile.ADCRMU, CC SWITCH MUX CHANNEL MUX SETTING, 00806CBC, 1, 0, NONE
ConfigFile.ADCRRC, RAW COUNTS FOR CC SWITCH MUX, 0080A45C, 2, 0, 
ConfigFile.ADCRSR, A/D SAMPLE PERIOD FOR CC SWITCH MUX, 00806CC1, 1, 0, MSEC
ConfigFile.ADCRTS, TRI STATE ERROR FOR CC SWITCH MUX, 00806CBD, 1, 0, NONE
ConfigFile.ADCRUF, UNFILTERED AND LINEARIZED CC SWITCH MUX, 0080A456, 2, 0, NONE
ConfigFile.ADCRUV, USER VALUE FOR CC SWITCH MUX, 00000000, 2, 0, NONE
ConfigFile.ADCVCA, COOLANT LEVEL CHANNEL ADDRESS, 00806B22, 2, 0, NONE
ConfigFile.ADCVCC, COOLANT LEVEL CHANNEL ADDRESS, 00806B16, 2, 0, 
ConfigFile.ADCVCS, COOLANT LEVEL A/D DIGITAL FILTER CONSTANT, 00806B12, 2, 0, 
ConfigFile.ADCVDT, COOLANT LEVEL A/D FAULT DECREMENT, 00806B18, 2, 0, CNTS
ConfigFile.ADCVFT, COOLANT LEVEL FILTERED AND LINEARIZED, 0080A2DE, 2, 0, NONE
ConfigFile.ADCVGD, COOLANT LEVEL GLOBAL DEFAULT VALUE, 00806B14, 2, 0, NONE
ConfigFile.ADCVHE, ERROR NUMBER STORAGE FOR COOLANT_LEVEL_HIGH_ERROR, 00806B26, 1, 0, NONE
ConfigFile.ADCVHL, COOLANT LEVEL A/D HIGH ERROR LIMIT, 00806B1E, 2, 0, 
ConfigFile.ADCVIC, COOLANT LEVEL A/D FAULT INCREMENT, 00806B1A, 2, 0, CNTS
ConfigFile.ADCVLE, ERROR NUMBER STORAGE FOR COOLANT_LEVEL_LOW_ERROR, 00806B27, 1, 0, NONE
ConfigFile.ADCVLL, COOLANT LEVEL A/D LOW ERROR LIMIT, 00806B20, 2, 0, 
ConfigFile.ADCVMU, COOLANT LEVEL CHANNEL MUX SETTING, 00806B24, 1, 0, NONE
ConfigFile.ADCVRC, COOLANT LEVEL RAW VALUE FROM A/D CONVERTER CHANNEL 7, 0080A2E6, 2, 0, NONE
ConfigFile.ADCVSA, COOLANT LEVEL A/D SAMPLE PERIOD, 00806B29, 1, 0, MSEC
ConfigFile.ADCVSE, COOLANT LEVEL A/D FAULT SET, 00806B1C, 2, 0, CNTS
ConfigFile.ADCVTE, COOLANT LEVEL ERROR NUMBER STORAGE FOR IN_RANGE_ERROR, 00806B28, 1, 0, NONE
ConfigFile.ADCVTS, COOLANT LEVEL TRI STATE FLAG, 00806B25, 1, 0, 
ConfigFile.ADCVUF, COOLANT LEVEL LINEARIZED AND UNFILTERED, 0080A2E0, 2, 0, NONE
ConfigFile.ADCVUV, COOLANT LEVEL USER VALUE, 00000000, 2, 0, NONE
ConfigFile.ADCVXA, COOLANT LEVEL X-AXIS, 00806E0C, 8, 4, CNTS
(null), , 00806E0C, , , 
ConfigFile.ADDFAAPR, GLOBAL DEFAULT VALUE FOR AMBIENT AIR PRESSURE, 00806C04, 2, 0, INHG
ConfigFile.ADDFBSPR, GLOBAL DEFAULT VALUE FOR BOOST PRESSURE, 00806B5C, 2, 0, INHG
ConfigFile.ADDFBTVT, GLOBAL DEFAULT VALUE FOR BATTERY VOLTAGE, 00806C1C, 2, 0, VOLT
ConfigFile.ADDFFLTP, GLOBAL DEFAULT VALUE FOR FUEL TEMPERATURE, 00806AFC, 2, 0, DEGF
ConfigFile.ADDFIMTP, GLOBAL DEFAULT VALUE FOR INTAKE MANIFOLD TEMPERATURE, 00806AE4, 2, 0, DEGF
ConfigFile.ADDFOLPR, GLOBAL DEFAULT VALUE FOR OIL PRESSURE, 00806B44, 2, 0, PSIG
ConfigFile.ADDFROTH, GLOBAL DEFAULT VALUE FOR REMOTE THROTTLE, 00806BEC, 2, 0, PERC
ConfigFile.ADDFSATH, GLOBAL DEFAULT VALUE FOR THROTTLE, 00806BD4, 2, 0, PERC
ConfigFile.ADECLZXA, ENGINE SENSOR SUPPLY VOLTAGE LINEARIZATION TABLE, X-AXIS, 00806F7C, 2, 4, CNTS
(null), , 00806F7C, , , 
ConfigFile.ADECSVCA, ENGINE_CONN_SENSORS_SV_CHANNEL_ADDRESS, 00806C8A, 2, 0, NONE
ConfigFile.ADECSVCS, ENGINE SENSOR SUPPLY VOLTAGE A/D DIGITAL FILTER CONSTANT, 00806C7A, 2, 0, NONE
ConfigFile.ADECSVFC, ENGINE SENSOR SUPPLY VOLTAGE A/D FAULT CLEAR COUNTS, 00806C7E, 2, 0, CNTS
ConfigFile.ADECSVFD, ENGINE SENSOR SUPPLY VOLTAGE A/D FAULT DECREMENT, 00806C80, 2, 0, CNTS
ConfigFile.ADECSVFI, ENGINE SENSOR SUPPLY VOLTAGE A/D FAULT INCREMENT, 00806C82, 2, 0, CNTS
ConfigFile.ADECSVFS, ENGINE SENSOR SUPPLY VOLTAGE A/D FAULT SET, 00806C84, 2, 0, CNTS
ConfigFile.ADECSVFT, FILTERED ENGINE SENSOR SUPPLY VOLTAGE AS READ AND SCALED FROM A/D ALGO, 0080A428, 2, 0, NONE
ConfigFile.ADECSVGD, ENGINE SENSOR SUPPLY VOLTAGE GLOBAL DEFAULT VALUE, 00806C7C, 2, 0, NONE
ConfigFile.ADECSVHE, ERROR NUMBER STORAGE FOR ENGINE_CONN_SENSORS_SV_HIGH_ERROR, 00806C8E, 1, 0, NONE
ConfigFile.ADECSVHL, ENGINE SENSOR SUPPLY VOLTAGE A/D HIGH ERROR LIMIT, 00806C86, 2, 0, CNTS
ConfigFile.ADECSVLE, ERROR NUMBER STORAGE FOR ENGINE_CONN_SENSORS_SV_LOW_ERROR, 00806C8F, 1, 0, NONE
ConfigFile.ADECSVLL, ENGINE SENSOR SUPPLY VOLTAGE A/D LOW ERROR LIMIT, 00806C88, 2, 0, CNTS
ConfigFile.ADECSVMU, ENGINE SENSOR SUPPLY VOLTAGE CHANNEL MUX SETTING, 00806C8C, 1, 0, NONE
ConfigFile.ADECSVRC, ENGINE SENSOR SUPPLY VOLTAGE RAW COUNTS, 0080A430, 2, 0, CNTS
ConfigFile.ADECSVSR, ENGINE SENSOR SUPPLY VOLTAGE A/D SAMPLE PERIOD, 00806C91, 1, 0, MSEC
ConfigFile.ADECSVTE, ENGINE SENSOR SUPPLY VOLTAGE TRI STATE ERROR ID, 00806C90, 1, 0, NONE
ConfigFile.ADECSVTS, ENGINE SENSOR SUPPLY VOLTAGE TRI STATE ERROR FLAG, 00806C8D, 1, 0, NONE
ConfigFile.ADECSVUF, ENGINE SENSOR SUPPLY VOLTAGE UNFILTERED AND LINEARIZED, 0080A42A, 2, 0, NONE
ConfigFile.ADECSVUV, ENGINE SENSOR SUPPLY VOLTAGE USER VALUE, 00000000, 2, 0, NONE
ConfigFile.ADEGCFCA, EGR_CURRENT_FEEDBACK_CHANNEL_ADDRESS, 00806CEA, 2, 0, NONE
ConfigFile.ADEGCFCC, A/D FAULT CLEAR COUNTS, 00806CDE, 2, 0, 
ConfigFile.ADEGCFCS, A/D DIGITAL FILTER CONSTANT, 00806CDA, 2, 0, 
ConfigFile.ADEGCFFD, A/D FAULT DECREMENT, 00806CE0, 2, 0, CNTS
ConfigFile.ADEGCFFI, A/D FAULT INCREMENT, 00806CE2, 2, 0, CNTS
ConfigFile.ADEGCFFS, A/D FAULT SET, 00806CE4, 2, 0, CNTS
ConfigFile.ADEGCFFT, FILTERED VALUE AS READ AND SCALED FROM A/D ALGORITHM, 0080A480, 2, 0, NONE
ConfigFile.ADEGCFGD, GLOBAL DEFAULT VALUE, 00806CDC, 2, 0, NONE
ConfigFile.ADEGCFHE, ERROR NUMBER STORAGE FOR EGR_CURRENT_FEEDBACK_HIGH_ERROR, 00806CEE, 1, 0, NONE
ConfigFile.ADEGCFHL, A/D HIGH ERROR LIMIT, 00806CE6, 2, 0, 
ConfigFile.ADEGCFLE, ERROR NUMBER STORAGE FOR EGR_CURRENT_FEEDBACK_LOW_ERROR, 00806CEF, 1, 0, NONE
ConfigFile.ADEGCFLL, A/D LOW ERROR LIMIT, 00806CE8, 2, 0, 
ConfigFile.ADEGCFMU, CHANNEL MUX SETTING, 00806CEC, 1, 0, NONE
ConfigFile.ADEGCFRC, RAW COUNTS, 0080A488, 2, 0, 
ConfigFile.ADEGCFSR, A/D SAMPLE PERIOD, 00806CF1, 1, 0, MSEC
ConfigFile.ADEGCFTE, TRI STATE ERROR, 00806CF0, 1, 0, NONE
ConfigFile.ADEGCFTS, TRI STATE ERROR, 00806CED, 1, 0, 
ConfigFile.ADEGCFUF, UNFILTERED AND LINEARIZED, 0080A482, 2, 0, NONE
ConfigFile.ADEGCFUV, USER VALUE, 00000000, 2, 0, NONE
ConfigFile.ADEGLZXA, LINEARIZATION TABLE, X-AXIS, 00807006, 3, 4, CNTS
(null), , 00807006, , , 
ConfigFile.ADEPLZXA, LINEARIZATION TABLE, X-AXIS, 00806EF4, 2, 4, CNTS
(null), , 00806EF4, , , 
ConfigFile.ADESLZXA, LINEARIZATION TABLE, X-AXIS, 00806F58, 2, 4, CNTS
(null), , 00806F58, , , 
ConfigFile.ADESSVCA, ENGINE_SPEED_SENSOR_SV_CHANNEL_ADDRESS, 00806C42, 2, 0, NONE
ConfigFile.ADESSVCS, A/D DIGITAL FILTER CONSTANT, 00806C32, 2, 0, 
ConfigFile.ADESSVFC, A/D FAULT CLEAR COUNTS, 00806C36, 2, 0, 
ConfigFile.ADESSVFD, A/D FAULT DECREMENT, 00806C38, 2, 0, CNTS
ConfigFile.ADESSVFI, A/D FAULT INCREMENT, 00806C3A, 2, 0, CNTS
ConfigFile.ADESSVFS, A/D FAULT SET, 00806C3C, 2, 0, CNTS
ConfigFile.ADESSVFT, FILTERED VALUE AS READ AND SCALED FROM A/D ALGORITHM, 0080A3E6, 2, 0, NONE
ConfigFile.ADESSVGD, GLOBAL DEFAULT VALUE, 00806C34, 2, 0, NONE
ConfigFile.ADESSVHE, ERROR NUMBER STORAGE FOR ENGINE_SPEED_SV_HIGH_ERROR, 00806C46, 1, 0, NONE
ConfigFile.ADESSVHL, A/D HIGH ERROR LIMIT, 00806C3E, 2, 0, 
ConfigFile.ADESSVLE, ERROR NUMBER STORAGE FOR ENGINE_SPEED_SV_LOW_ERROR, 00806C47, 1, 0, NONE
ConfigFile.ADESSVLL, A/D LOW ERROR LIMIT, 00806C40, 2, 0, 
ConfigFile.ADESSVMU, CHANNEL MUX SETTING, 00806C44, 1, 0, NONE
ConfigFile.ADESSVRC, RAW COUNTS, 0080A3EE, 2, 0, 
ConfigFile.ADESSVSR, A/D SAMPLE PERIOD, 00806C49, 1, 0, MSEC
ConfigFile.ADESSVTE, TRI STATE ERROR, 00806C48, 1, 0, NONE
ConfigFile.ADESSVTS, TRI STATE ERROR, 00806C45, 1, 0, 
ConfigFile.ADESSVUF, UNFILTERED AND LINEARIZED, 0080A3E8, 2, 0, NONE
ConfigFile.ADESSVUV, USER VALUE, 00000000, 2, 0, NONE
ConfigFile.ADFLTPCA, FUEL_TEMPERATURE_CHANNEL_ADDRESS, 00806B0A, 2, 0, NONE
ConfigFile.ADFLTPCC, A/D FAULT CLEAR COUNTS FOR FUEL TEMPERATURE, 00806AFE, 2, 0, 
ConfigFile.ADFLTPCS, A/D DIGITAL FILTER CONSTANT FOR FUEL TEMPERATURE, 00806AFA, 2, 0, 
ConfigFile.ADFLTPDT, A/D FAULT DECREMENT FOR FUEL TEMPERATURE, 00806B00, 2, 0, CNTS
ConfigFile.ADFLTPFT, FILTERED AND LINEARIZED FUEL TEMPERATURE, 0080A2C8, 2, 0, DEGF
ConfigFile.ADFLTPHE, ERROR NUMBER STORAGE FOR FUEL_TEMPERATURE_HIGH_ERROR, 00806B0E, 1, 0, NONE
ConfigFile.ADFLTPHL, A/D HIGH ERROR LIMIT FOR FUEL TEMPERATURE, 00806B06, 2, 0, 
ConfigFile.ADFLTPIC, A/D FAULT INCREMENT FOR FUEL TEMPERATURE, 00806B02, 2, 0, CNTS
ConfigFile.ADFLTPLE, ERROR NUMBER STORAGE FOR FUEL_TEMPERATURE_LOW_ERROR, 00806B0F, 1, 0, NONE
ConfigFile.ADFLTPLL, A/D LOW ERROR LIMIT FOR FUEL TEMPERATURE, 00806B08, 2, 0, 
ConfigFile.ADFLTPMU, CHANNEL MUX SETTING, 00806B0C, 1, 0, NONE
ConfigFile.ADFLTPRC, RAW COUNTS FOR FUEL TEMPERATURE, 0080A2D0, 2, 0, 
ConfigFile.ADFLTPSA, A/D SAMPLE PERIOD FOR FUEL TEMPERATURE, 00806B11, 1, 0, MSEC
ConfigFile.ADFLTPSE, A/D FAULT SET FOR FUEL TEMPERATURE, 00806B04, 2, 0, CNTS
ConfigFile.ADFLTPTE, ERROR NUMBER STORAGE FOR IN_RANGE_ERROR - FUEL TEMPERATURE, 00806B10, 1, 0, NONE
ConfigFile.ADFLTPTS, TRI STATE FLAG - FUEL TEMPERATURE, 00806B0D, 1, 0, 
ConfigFile.ADFLTPUF, UNFILTERED AND LINEARIZED FUEL TEMPERATURE, 0080A2CA, 2, 0, DEGF
ConfigFile.ADFLTPXA, LINEARIZATION TABLE, FUEL TEMPERATURE X-AXIS, 00806DCE, 21, 4, CNTS
(null), , 00806DCE, , , 
ConfigFile.ADFPLZXA, LINEARIZATION TABLE, X-AXIS, 00806E24, 2, 4, CNTS
(null), , 00806E24, , , 
ConfigFile.ADFTBSPR, FILTERED AND LINEARIZED BOOST PRESSURE, 0080A320, 2, 0, INHG
ConfigFile.ADFTLZXA, LINEARIZATION TABLE, X-AXIS, 00806F88, 2, 4, CNTS
(null), , 00806F88, , , 
ConfigFile.ADFTSVCA, FREQUENCY_THROTTLE_INPUT_SENSOR_SV_CHANNEL_ADDRESS, 00806CA2, 2, 0, NONE
ConfigFile.ADFTSVCS, A/D DIGITAL FILTER CONSTANT, 00806C92, 2, 0, 
ConfigFile.ADFTSVFC, A/D FAULT CLEAR COUNTS, 00806C96, 2, 0, 
ConfigFile.ADFTSVFD, A/D FAULT DECREMENT, 00806C98, 2, 0, CNTS
ConfigFile.ADFTSVFI, A/D FAULT INCREMENT, 00806C9A, 2, 0, CNTS
ConfigFile.ADFTSVFS, A/D FAULT SET, 00806C9C, 2, 0, CNTS
ConfigFile.ADFTSVFT, FILTERED VALUE AS READ AND SCALED FROM A/D ALGORITHM, 0080A43E, 2, 0, 
ConfigFile.ADFTSVGD, GLOBAL DEFAULT VALUE, 00806C94, 2, 0, 
ConfigFile.ADFTSVHE, ERROR NUMBER STORAGE FOR FREQUENCY_THROTTLE_INPUT_SV_HIGH_ERROR, 00806CA6, 1, 0, NONE
ConfigFile.ADFTSVHL, A/D HIGH ERROR LIMIT, 00806C9E, 2, 0, 
ConfigFile.ADFTSVLE, ERROR NUMBER STORAGE FOR FREQUENCY_THROTTLE_INPUT_SV_LOW_ERROR, 00806CA7, 1, 0, NONE
ConfigFile.ADFTSVLL, A/D LOW ERROR LIMIT, 00806CA0, 2, 0, 
ConfigFile.ADFTSVMU, CHANNEL MUX SETTING, 00806CA4, 1, 0, NONE
ConfigFile.ADFTSVRC, RAW COUNTS, 0080A446, 2, 0, 
ConfigFile.ADFTSVSR, A/D SAMPLE PERIOD, 00806CA9, 1, 0, MSEC
ConfigFile.ADFTSVTE, TRI STATE ERROR, 00806CA8, 1, 0, NONE
ConfigFile.ADFTSVTS, TRI STATE ERROR, 00806CA5, 1, 0, 0/1
ConfigFile.ADFTSVUF, UNFILTERED AND LINEARIZED, 0080A440, 2, 0, 
ConfigFile.ADFTSVUV, USER VALUE, 00000000, 2, 0, 
ConfigFile.ADHBLZXA, LINEARIZATION TABLE, X-AXIS, 00807020, 2, 4, CNTS
(null), , 00807020, , , 
ConfigFile.ADHBSVCA, HIGH_SIDE_GATE_BIAS_SV_CHANNEL_ADDRESS, 00806D1A, 2, 0, NONE
ConfigFile.ADHBSVCS, A/D DIGITAL FILTER CONSTANT, 00806D0A, 2, 0, 
ConfigFile.ADHBSVFC, A/D FAULT CLEAR COUNTS, 00806D0E, 2, 0, 
ConfigFile.ADHBSVFD, A/D FAULT DECREMENT, 00806D10, 2, 0, CNTS
ConfigFile.ADHBSVFI, A/D FAULT INCREMENT, 00806D12, 2, 0, CNTS
ConfigFile.ADHBSVFS, A/D FAULT SET, 00806D14, 2, 0, CNTS
ConfigFile.ADHBSVFT, FILTERED VALUE AS READ AND SCALED FROM A/D ALGORITHM, 0080A4AC, 2, 0, NONE
ConfigFile.ADHBSVGD, GLOBAL DEFAULT VALUE, 00806D0C, 2, 0, NONE
ConfigFile.ADHBSVHE, ERROR NUMBER STORAGE FOR HIGH_SIDE_GATE_BIAS_SV_HIGH_ERROR, 00806D1E, 1, 0, NONE
ConfigFile.ADHBSVHL, A/D HIGH ERROR LIMIT, 00806D16, 2, 0, 
ConfigFile.ADHBSVLE, ERROR NUMBER STORAGE FOR HIGH_SIDE_GATE_BIAS_SV_LOW_ERROR, 00806D1F, 1, 0, NONE
ConfigFile.ADHBSVLL, A/D LOW ERROR LIMIT, 00806D18, 2, 0, 
ConfigFile.ADHBSVMU, CHANNEL MUX SETTING, 00806D1C, 1, 0, NONE
ConfigFile.ADHBSVRC, RAW COUNTS, 0080A4B4, 2, 0, 
ConfigFile.ADHBSVSR, A/D SAMPLE PERIOD, 00806D21, 1, 0, MSEC
ConfigFile.ADHBSVTE, TRI STATE ERROR, 00806D20, 1, 0, NONE
ConfigFile.ADHBSVTS, TRI STATE ERROR, 00806D1D, 1, 0, 
ConfigFile.ADHBSVUF, UNFILTERED AND LINEARIZED, 0080A4AE, 2, 0, NONE
ConfigFile.ADHBSVUV, USER VALUE, 00000000, 2, 0, NONE
ConfigFile.ADIMTPCA, INTAKE_MANIFOLD_TEMPERATURE_CHANNEL_ADDRESS, 00806AF2, 2, 0, NONE
ConfigFile.ADIMTPCC, A/D FAULT CLEAR COUNTS FOR INTAKE MANIFOLD TEMPERATURE, 00806AE6, 2, 0, 
ConfigFile.ADIMTPCS, A/D DIGITAL FILTER CONSTANT FOR INTAKE MANIFOLD TEMPERATURE, 00806AE2, 2, 0, 
ConfigFile.ADIMTPDT, A/D FAULT DECREMENT FOR INTAKE MANIFOLD TEMPERATURE, 00806AE8, 2, 0, CNTS
ConfigFile.ADIMTPFT, FILTERED AND LINEARIZED INTAKE MANIFOLD TEMPERATURE, 0080A2B2, 2, 0, DEGF
ConfigFile.ADIMTPHE, ERROR NUMBER STORAGE FOR INTAKE_MANIFOLD_TEMPERATURE_HIGH_ERROR, 00806AF6, 1, 0, NONE
ConfigFile.ADIMTPHL, A/D HIGH ERROR LIMIT FOR INTAKE MANIFOLD TEMPERATURE, 00806AEE, 2, 0, 
ConfigFile.ADIMTPIC, A/D FAULT INCREMENT FOR INTAKE MANIFOLD TEMPERATURE, 00806AEA, 2, 0, CNTS
ConfigFile.ADIMTPLE, ERROR NUMBER STORAGE FOR INTAKE_MANIFOLD_TEMPERATURE_LOW_ERROR, 00806AF7, 1, 0, NONE
ConfigFile.ADIMTPLL, A/D LOW ERROR LIMIT FOR INTAKE MANIFOLD TEMPERATURE, 00806AF0, 2, 0, 
ConfigFile.ADIMTPMU, CHANNEL MUX SETTING, 00806AF4, 1, 0, NONE
ConfigFile.ADIMTPRC, RAW COUNTS FOR INTAKE MANIFOLD TEMPERATURE, 0080A2BA, 2, 0, 
ConfigFile.ADIMTPSA, A/D SAMPLE PERIOD FOR INTAKE MANIFOLD TEMPERATURE, 00806AF9, 1, 0, MSEC
ConfigFile.ADIMTPSE, A/D FAULT SET FOR INTAKE MANIFOLD TEMPERATURE, 00806AEC, 2, 0, CNTS
ConfigFile.ADIMTPTE, ERROR NUMBER STORAGE FOR IN_RANGE_ERROR - INTAKE MANIFOLD TEMPERATURE, 00806AF8, 1, 0, NONE
ConfigFile.ADIMTPTS, TRI STATE FLAG - INTAKE MANIFOLD TEMPERATURE, 00806AF5, 1, 0, 
ConfigFile.ADIMTPUF, UNFILTERED AND LINEARIZED INTAKE MANIFOLD TEMPERATURE, 0080A2B4, 2, 0, DEGF
ConfigFile.ADIMTPXA, INTAKE MANIFOLD TEMPERATURE LINEARIZATION TABLE, X-AXIS, 00806D6E, 25, 4, CNTS
(null), , 00806D6E, , , 
ConfigFile.ADJPSWD1, SECURITY SECONDARY PASSWORD 1 -- ADJUST PASSWORD, 0100051C, 6, 2, HEX
ConfigFile.ADJPSWD2, SECURITY SECONDARY PASSWORD 2 -- RESET PASSWORD, 01000522, 6, 2, HEX
ConfigFile.ADJPSWD3, SECURITY SECONDARY PASSWORD 3, 01000528, 6, 2, HEX
ConfigFile.ADJPSWD4, SECURITY SECONDARY PASSWORD 4, 0100052E, 6, 2, HEX
ConfigFile.ADJPSWD5, SECURITY SECONDARY PASSWORD 5, 01000534, 6, 2, HEX
ConfigFile.ADJPSWD6, SECURITY SECONDARY PASSWORD 6, 0100053A, 6, 2, HEX
ConfigFile.ADJ_FEAT, FEATURE ACTIVE FLAGS, 01000140, 72, 2, HEX
ConfigFile.ADJ_LIM, SERVICE TOOL ADJUSTABLE PARAMETER RANGE LIMITS, 00060000, 2, 0, NONE
ConfigFile.ADJ_PARM, SERVICE TOOL ADJUSTABLE PARAMETERS, 01000092, 2, 0, NONE
ConfigFile.ADOCLIXA, LINEARIZATION TABLE, X-AXIS, 0080702C, 2, 4, CNTS
(null), , 0080702C, , , 
ConfigFile.ADOCSVCA, OP_AMPS_AND_COMPARATORS_SV_CHANNEL_ADDRESS, 00806D32, 2, 0, NONE
ConfigFile.ADOCSVCS, A/D DIGITAL FILTER CONSTANT, 00806D22, 2, 0, 
ConfigFile.ADOCSVFC, A/D FAULT CLEAR COUNTS, 00806D26, 2, 0, 
ConfigFile.ADOCSVFD, A/D FAULT DECREMENT, 00806D28, 2, 0, CNTS
ConfigFile.ADOCSVFI, A/D FAULT INCREMENT, 00806D2A, 2, 0, CNTS
ConfigFile.ADOCSVFS, A/D FAULT SET, 00806D2C, 2, 0, CNTS
ConfigFile.ADOCSVFT, FILTERED VALUE AS READ AND SCALED FROM A/D ALGORITHM, 0080A4C2, 2, 0, NONE
ConfigFile.ADOCSVGD, GLOBAL DEFAULT VALUE, 00806D24, 2, 0, NONE
ConfigFile.ADOCSVHE, ERROR NUMBER STORAGE FOR OP_AMPS_AND_COMPARATORS_SV_HIGH_ERROR, 00806D36, 1, 0, NONE
ConfigFile.ADOCSVHL, A/D HIGH ERROR LIMIT, 00806D2E, 2, 0, 
ConfigFile.ADOCSVLE, ERROR NUMBER STORAGE FOR OP_AMPS_AND_COMPARATORS_SV_LOW_ERROR, 00806D37, 1, 0, NONE
ConfigFile.ADOCSVLL, A/D LOW ERROR LIMIT, 00806D30, 2, 0, 
ConfigFile.ADOCSVMU, CHANNEL MUX SETTING, 00806D34, 1, 0, NONE
ConfigFile.ADOCSVRC, RAW COUNTS, 0080A4CA, 2, 0, 
ConfigFile.ADOCSVSR, A/D SAMPLE PERIOD, 00806D39, 1, 0, MSEC
ConfigFile.ADOCSVTE, TRI STATE ERROR, 00806D38, 1, 0, NONE
ConfigFile.ADOCSVTS, TRI STATE ERROR, 00806D35, 1, 0, 
ConfigFile.ADOCSVUF, UNFILTERED AND LINEARIZED, 0080A4C4, 2, 0, NONE
ConfigFile.ADOCSVUV, USER VALUE, 00000000, 2, 0, NONE
ConfigFile.ADOLPRCA, OIL_PRESSURE_CHANNEL_ADDRESS, 00806B52, 2, 0, NONE
ConfigFile.ADOLPRCC, A/D FAULT CLEAR COUNTS FOR OIL PRESSURE, 00806B46, 2, 0, 
ConfigFile.ADOLPRCS, A/D DIGITAL FILTER CONSTANT FOR OIL PRESSURE, 00806B42, 2, 0, 
ConfigFile.ADOLPRDT, A/D FAULT DECREMENT FOR OIL PRESSURE, 00806B48, 2, 0, CNTS
ConfigFile.ADOLPRFT, FLITERED AND LINEARIZED OIL PRESSURE, 0080A30A, 2, 0, PSIG
ConfigFile.ADOLPRHE, ERROR NUMBER STORAGE FOR OIL_PRESSURE_HIGH_LIMIT, 00806B56, 1, 0, NONE
ConfigFile.ADOLPRHL, A/D HIGH ERROR LIMIT FOR OIL PRESSURE, 00806B4E, 2, 0, 
ConfigFile.ADOLPRIC, A/D FAULT INCREMENT FOR OIL PRESSURE, 00806B4A, 2, 0, CNTS
ConfigFile.ADOLPRLE, ERROR NUMBER STORAGE FOR OIL_PRESSURE_LOW_ERROR, 00806B57, 1, 0, NONE
ConfigFile.ADOLPRLL, A/D LOW ERROR LIMIT FOR OIL PRESSURE, 00806B50, 2, 0, 
ConfigFile.ADOLPRMU, CHANNEL MUX SETTING, 00806B54, 1, 0, NONE
ConfigFile.ADOLPRRC, RAW COUNTS FOR OIL PRESSURE, 0080A312, 2, 0, 
ConfigFile.ADOLPRSA, A/D SAMPLE PERIOD FOR OIL PRESSURE, 00806B59, 1, 0, MSEC
ConfigFile.ADOLPRSE, A/D FAULT SET FOR OIL PRESSURE, 00806B4C, 2, 0, CNTS
ConfigFile.ADOLPRTE, ERROR NUMBER STORAGE FOR IN_RANGE_ERROR - OIL PRESSURE, 00806B58, 1, 0, NONE
ConfigFile.ADOLPRTS, TRI STATE FLAG - OIL PRESSURE, 00806B55, 1, 0, 
ConfigFile.ADOLPRUF, UNFILTERED AND LINEARIZED OIL PRESSURE, 0080A30C, 2, 0, PSIG
ConfigFile.ADOLPRXA, OIL PRESSURE LINEARIZATION TABLE, X-AXIS, 00806E36, 5, 4, CNTS
(null), , 00806E36, , , 
ConfigFile.ADPOTPCA, POWER_STEERING_TEMPERATURE_CHANNEL_ADDRESS, 00806BB2, 2, 0, NONE
ConfigFile.ADPOTPCC, A/D FAULT CLEAR COUNTS, 00806BA6, 2, 0, 
ConfigFile.ADPOTPCS, A/D DIGITAL FILTER CONSTANT, 00806BA2, 2, 0, 
ConfigFile.ADPOTPDT, A/D FAULT DECREMENT, 00806BA8, 2, 0, CNTS
ConfigFile.ADPOTPFT, FILTERED AND LINEARIZED, 0080A362, 2, 0, DEGF
ConfigFile.ADPOTPGD, GLOBAL DEFAULT VALUE, 00806BA4, 2, 0, DEGF
ConfigFile.ADPOTPHE, ERROR NUMBER STORAGE FOR POWER_STEERING_TEMPERATURE_HIGH_ERROR, 00806BB6, 1, 0, NONE
ConfigFile.ADPOTPHL, A/D HIGH ERROR LIMIT, 00806BAE, 2, 0, 
ConfigFile.ADPOTPIC, A/D FAULT INCREMENT, 00806BAA, 2, 0, CNTS
ConfigFile.ADPOTPLE, ERROR NUMBER STORAGE FOR POWER_STEERING_TEMPERATURE_LOW_ERROR, 00806BB7, 1, 0, NONE
ConfigFile.ADPOTPLL, A/D LOW ERROR LIMIT, 00806BB0, 2, 0, 
ConfigFile.ADPOTPMU, CHANNEL MUX SETTING, 00806BB4, 1, 0, NONE
ConfigFile.ADPOTPRC, RAW VALUE FROM A/D CONVERTER CHANNEL 7, 0080A36A, 2, 0, NONE
ConfigFile.ADPOTPSA, A/D SAMPLE PERIOD, 00806BB9, 1, 0, MSEC
ConfigFile.ADPOTPSE, A/D FAULT SET, 00806BAC, 2, 0, CNTS
ConfigFile.ADPOTPTE, ERROR NUMBER STORAGE FOR IN_RANGE_ERROR, 00806BB8, 1, 0, NONE
ConfigFile.ADPOTPTS, TRI STATE FLAG, 00806BB5, 1, 0, 
ConfigFile.ADPOTPUF, CHANNEL 7   LINEARIZED AND UNFILTERED, 0080A364, 2, 0, DEGF
ConfigFile.ADPOTPUV, USER VALUE, 00000000, 2, 0, DEGF
ConfigFile.ADPOTPXA, X-AXIS, 00806EE8, 2, 4, CNTS
(null), , 00806EE8, , , 
ConfigFile.ADPSLIXA, LINEARIZATION TABLE, X-AXIS, 00807014, 2, 4, CNTS
(null), , 00807014, , , 
ConfigFile.ADPSSVCA, PROGRAMMING_PULSE_SV_CHANNEL_ADDRESS, 00806D02, 2, 0, NONE
ConfigFile.ADPSSVCS, A/D DIGITAL FILTER CONSTANT, 00806CF2, 2, 0, 
ConfigFile.ADPSSVFC, A/D FAULT CLEAR COUNTS, 00806CF6, 2, 0, 
ConfigFile.ADPSSVFD, A/D FAULT DECREMENT, 00806CF8, 2, 0, CNTS
ConfigFile.ADPSSVFI, A/D FAULT INCREMENT, 00806CFA, 2, 0, CNTS
ConfigFile.ADPSSVFS, A/D FAULT SET, 00806CFC, 2, 0, CNTS
ConfigFile.ADPSSVFT, FILTERED VALUE AS READ AND SCALED FROM A/D ALGORITHM, 0080A496, 2, 0, NONE
ConfigFile.ADPSSVGD, GLOBAL DEFAULT VALUE, 00806CF4, 2, 0, NONE
ConfigFile.ADPSSVHE, ERROR NUMBER STORAGE FOR PROGRAMMING_PULSE_SV_HIGH_ERROR, 00806D06, 1, 0, NONE
ConfigFile.ADPSSVHL, A/D HIGH ERROR LIMIT, 00806CFE, 2, 0, 
ConfigFile.ADPSSVLE, ERROR NUMBER STORAGE FOR PROGRAMMING_PULSE_SV_LOW_ERROR, 00806D07, 1, 0, NONE
ConfigFile.ADPSSVLL, A/D LOW ERROR LIMIT, 00806D00, 2, 0, 
ConfigFile.ADPSSVMU, CHANNEL MUX SETTING, 00806D04, 1, 0, NONE
ConfigFile.ADPSSVRC, RAW COUNTS, 0080A49E, 2, 0, 
ConfigFile.ADPSSVSR, A/D SAMPLE PERIOD, 00806D09, 1, 0, MSEC
ConfigFile.ADPSSVTE, TRI STATE ERROR, 00806D08, 1, 0, NONE
ConfigFile.ADPSSVTS, TRI STATE ERROR, 00806D05, 1, 0, 
ConfigFile.ADPSSVUF, UNFILTERED AND LINEARIZED, 0080A498, 2, 0, NONE
ConfigFile.ADPSSVUV, USER VALUE, 00000000, 2, 0, NONE
ConfigFile.ADROTHCA, REMOTE_THROTTLE_CHANNEL_ADDRESS, 00806BFA, 2, 0, NONE
ConfigFile.ADROTHCC, A/D FAULT CLEAR COUNTS FOR REMOTE THROTTLE, 00806BEE, 2, 0, 
ConfigFile.ADROTHCS, A/D DIGITAL FILTER CONSTANT FOR REMOTE THROTTLE, 00806BEA, 2, 0, 
ConfigFile.ADROTHDT, A/D FAULT DECREMENT FOR REMOTE THROTTLE, 00806BF0, 2, 0, CNTS
ConfigFile.ADROTHFT, FILTERED AND LINEARIZED REMOTE THROTTLE, 0080A3A4, 2, 0, PERC
ConfigFile.ADROTHHE, ERROR NUMBER STORAGE FOR REMOTE_THROTTLE_HIGH_ERROR, 00806BFE, 1, 0, NONE
ConfigFile.ADROTHHL, A/D HIGH ERROR LIMIT FOR REMOTE THROTTLE, 00806BF6, 2, 0, 
ConfigFile.ADROTHIC, A/D FAULT INCREMENT FOR REMOTE THROTTLE, 00806BF2, 2, 0, CNTS
ConfigFile.ADROTHLE, ERROR NUMBER STORAGE FOR REMOTE_THROTTLE_LOW_ERROR, 00806BFF, 1, 0, NONE
ConfigFile.ADROTHLL, A/D LOW ERROR LIMIT FOR REMOTE THROTTLE, 00806BF8, 2, 0, 
ConfigFile.ADROTHMU, CHANNEL MUX SETTING, 00806BFC, 1, 0, NONE
ConfigFile.ADROTHRC, RAW COUNTS FOR REMOTE THROTTLE, 0080A3AC, 2, 0, 
ConfigFile.ADROTHSA, A/D SAMPLE PERIOD FOR REMOTE THROTTLE, 00806C01, 1, 0, MSEC
ConfigFile.ADROTHSE, A/D FAULT SET FOR REMOTE THROTTLE, 00806BF4, 2, 0, CNTS
ConfigFile.ADROTHTE, ERROR NUMBER STORAGE FOR IN_RANGE_ERROR - REMOTE THROTTLE, 00806C00, 1, 0, NONE
ConfigFile.ADROTHTS, TRI STATE FLAG - REMOTE THROTTLE, 00806BFD, 1, 0, 
ConfigFile.ADROTHUF, UNFILTERED AND LINEARIZED REMOTE THROTTLE, 0080A3A6, 2, 0, PERC
ConfigFile.ADROTHXA, REMOTE THROTTLE LINEARIZATION TABLE, X-AXIS, 00806F24, 6, 4, CNTS
(null), , 00806F24, , , 
ConfigFile.ADRWBSPR, RAW COUNTS FOR BOOST PRESSURE, 0080A328, 2, 0, 
ConfigFile.ADRWBTVT, RAW COUNTS FOR BATTERY VOLTAGE, 0080A3D8, 2, 0, 
ConfigFile.ADRWCLTP, RAW COUNTS FOR COOLANT TEMPERATURE, 0080A33E, 2, 0, 
ConfigFile.ADSATHCA, SAMPLED_THROTTLE_CHANNEL_ADDRESS, 00806BE2, 2, 0, NONE
ConfigFile.ADSATHCC, A/D FAULT CLEAR COUNTS FOR SAMPLED THROTTLE, 00806BD6, 2, 0, 
ConfigFile.ADSATHCS, A/D DIGITAL FILTER CONSTANT FOR THROTTLE, 00806BD2, 2, 0, 
ConfigFile.ADSATHDT, A/D FAULT DECREMENT FOR THROTTLE, 00806BD8, 2, 0, CNTS
ConfigFile.ADSATHFT, THROTTLE AFTER BEING SAMPLED, LINEARIZED, AND FILTERED VIA A/D ALGORIT, 0080A38E, 2, 0, %
ConfigFile.ADSATHHE, ERROR NUMBER STORAGE FOR SAMPLED_THROTTLE_HIGH_ERROR, 00806BE6, 1, 0, NONE
ConfigFile.ADSATHHL, A/D HIGH ERROR LIMIT FOR THROTTLE, 00806BDE, 2, 0, 
ConfigFile.ADSATHIC, A/D FAULT INCREMENT FOR THROTTLE, 00806BDA, 2, 0, CNTS
ConfigFile.ADSATHLE, ERROR NUMBER STORAGE FOR SAMPLED_THROTTLE_LOW_ERROR, 00806BE7, 1, 0, NONE
ConfigFile.ADSATHLL, A/D LOW ERROR LIMIT FOR THROTTLE, 00806BE0, 2, 0, 
ConfigFile.ADSATHMU, CHANNEL MUX SETTING, 00806BE4, 1, 0, NONE
ConfigFile.ADSATHRC, RAW COUNTS FOR THROTTLE, 0080A396, 2, 0, 
ConfigFile.ADSATHSA, A/D SAMPLE PERIOD FOR THROTTLE, 00806BE9, 1, 0, MSEC
ConfigFile.ADSATHSE, A/D FAULT SET FOR THROTTLE, 00806BDC, 2, 0, CNTS
ConfigFile.ADSATHTE, ERROR NUMBER STORAGE FOR IN_RANGE_ERROR - THROTTLE, 00806BE8, 1, 0, NONE
ConfigFile.ADSATHTS, TRI STATE FLAG - THROTTLE, 00806BE5, 1, 0, 
ConfigFile.ADSATHUF, UNFILTERED AND LINEARIZED THROTTLE, 0080A390, 2, 0, PERC
ConfigFile.ADSATHXA, THROTTLE LINEARIZATION TABLE, X-AXIS, 00806F08, 6, 4, CNTS
(null), , 00806F08, , , 
ConfigFile.ADSYEPCA, ENGINE_SYNC_EXHAUST_PRESSURE_CHANNEL_ADDRESS, 00806BCA, 2, 0, NONE
ConfigFile.ADSYEPCS, A/D DIGITAL FILTER CONSTANT, 00806BBA, 2, 0, 
ConfigFile.ADSYEPFC, A/D FAULT CLEAR COUNTS, 00806BBE, 2, 0, 
ConfigFile.ADSYEPFD, A/D FAULT DECREMENT, 00806BC0, 2, 0, CNTS
ConfigFile.ADSYEPFI, A/D FAULT INCREMENT, 00806BC2, 2, 0, CNTS
ConfigFile.ADSYEPFS, A/D FAULT SET, 00806BC4, 2, 0, CNTS
ConfigFile.ADSYEPFT, FILTERED VALUE AS READ AND SCALED FROM A/D ALGORITHM, 0080A378, 2, 0, NONE
ConfigFile.ADSYEPGD, GLOBAL DEFAULT VALUE, 00806BBC, 2, 0, NONE
ConfigFile.ADSYEPHE, ERROR NUMBER STORAGE FOR ENGINE_SYNC_EXHAUST_PRESSURE_HIGH_ERROR, 00806BCE, 1, 0, NONE
ConfigFile.ADSYEPHL, A/D HIGH ERROR LIMIT, 00806BC6, 2, 0, 
ConfigFile.ADSYEPLE, ERROR NUMBER STORAGE FOR ENGINE_SYNC_EXHAUST_PRESSURE_LOW_ERROR, 00806BCF, 1, 0, NONE
ConfigFile.ADSYEPLL, A/D LOW ERROR LIMIT, 00806BC8, 2, 0, 
ConfigFile.ADSYEPMU, CHANNEL MUX SETTING, 00806BCC, 1, 0, NONE
ConfigFile.ADSYEPRC, RAW COUNTS, 0080A380, 2, 0, 
ConfigFile.ADSYEPSR, A/D SAMPLE PERIOD, 00806BD1, 1, 0, MSEC
ConfigFile.ADSYEPTE, TRI STATE ERROR, 00806BD0, 1, 0, NONE
ConfigFile.ADSYEPTS, TRI STATE ERROR, 00806BCD, 1, 0, 
ConfigFile.ADSYEPUF, UNFILTERED AND LINEARIZED, 0080A37A, 2, 0, NONE
ConfigFile.ADSYEPUV, USER VALUE, 00000000, 2, 0, NONE
ConfigFile.ADSYFPCA, OIL PRESSURE CONVERSION DATA, 01000092, 2, 0, NONE
ConfigFile.ADSYFPCS, A/D DIGITAL FILTER CONSTANT, 00806B2A, 2, 0, 
ConfigFile.ADSYFPFC, A/D FAULT CLEAR COUNTS, 00806B2E, 2, 0, 
ConfigFile.ADSYFPFD, A/D FAULT DECREMENT, 00806B30, 2, 0, CNTS
ConfigFile.ADSYFPFI, A/D FAULT INCREMENT, 00806B32, 2, 0, CNTS
ConfigFile.ADSYFPFS, A/D FAULT SET, 00806B34, 2, 0, CNTS
ConfigFile.ADSYFPFT, FILTERED VALUE AS READ AND SCALED FROM A/D ALGORITHM, 0080A2F4, 2, 0, 
ConfigFile.ADSYFPGD, GLOBAL DEFAULT VALUE, 00806B2C, 2, 0, 
ConfigFile.ADSYFPHE, ERROR NUMBER STORAGE FOR ENGINE_SYNC_FUEL_PRESSURE_HIGH_LIMIT ERROR, 00806B3E, 1, 0, NONE
ConfigFile.ADSYFPHL, A/D HIGH ERROR LIMIT, 00806B36, 2, 0, 
ConfigFile.ADSYFPLE, ERROR NUMBER STORAGE FOR ENGINE_SYNC_FUEL_PRESSURE_LOW_ERROR, 00806B3F, 1, 0, NONE
ConfigFile.ADSYFPLL, A/D LOW ERROR LIMIT, 00806B38, 2, 0, 
ConfigFile.ADSYFPMU, CHANNEL MUX SETTING, 00806B3C, 1, 0, NONE
ConfigFile.ADSYFPRC, RAW COUNTS, 0080A2FC, 2, 0, 
ConfigFile.ADSYFPSR, A/D SAMPLE PERIOD, 00806B41, 1, 0, MSEC
ConfigFile.ADSYFPTE, TRI STATE ERROR, 00806B40, 1, 0, NONE
ConfigFile.ADSYFPTS, TRI STATE ERROR, 00806B3D, 1, 0, 
ConfigFile.ADSYFPUF, UNFILTERED AND LINEARIZED, 0080A2F6, 2, 0, 
ConfigFile.ADSYFPUV, USER VALUE, 00000000, 2, 0, 
ConfigFile.ADTHLIXA, LINEARIZATION TABLE, X-AXIS, 00806F64, 2, 4, CNTS
(null), , 00806F64, , , 
ConfigFile.ADTHSVCA, THROTTLE_POSITION_SENSOR_SV_CHANNEL_ADDRESS, 00806C5A, 2, 0, NONE
ConfigFile.ADTHSVCS, A/D DIGITAL FILTER CONSTANT, 00806C4A, 2, 0, 
ConfigFile.ADTHSVFC, A/D FAULT CLEAR COUNTS, 00806C4E, 2, 0, 
ConfigFile.ADTHSVFD, A/D FAULT DECREMENT, 00806C50, 2, 0, CNTS
ConfigFile.ADTHSVFI, A/D FAULT INCREMENT, 00806C52, 2, 0, CNTS
ConfigFile.ADTHSVFS, A/D FAULT SET, 00806C54, 2, 0, CNTS
ConfigFile.ADTHSVFT, FILTERED VALUE AS READ AND SCALED FROM A/D ALGORITHM, 0080A3FC, 2, 0, NONE
ConfigFile.ADTHSVGD, GLOBAL DEFAULT VALUE, 00806C4C, 2, 0, NONE
ConfigFile.ADTHSVHE, ERROR NUMBER STORAGE FOR THROTTLE_POSITION_SV_HIGH_ERROR, 00806C5E, 1, 0, NONE
ConfigFile.ADTHSVHL, A/D HIGH ERROR LIMIT, 00806C56, 2, 0, 
ConfigFile.ADTHSVLE, ERROR NUMBER STORAGE FOR THROTTLE_POSITION_SV_LOW_ERROR, 00806C5F, 1, 0, NONE
ConfigFile.ADTHSVLL, A/D LOW ERROR LIMIT, 00806C58, 2, 0, 
ConfigFile.ADTHSVMU, CHANNEL MUX SETTING, 00806C5C, 1, 0, NONE
ConfigFile.ADTHSVRC, RAW COUNTS, 0080A404, 2, 0, 
ConfigFile.ADTHSVSR, A/D SAMPLE PERIOD, 00806C61, 1, 0, MSEC
ConfigFile.ADTHSVTE, TRI STATE ERROR, 00806C60, 1, 0, NONE
ConfigFile.ADTHSVTS, TRI STATE ERROR, 00806C5D, 1, 0, 
ConfigFile.ADTHSVUF, UNFILTERED AND LINEARIZED, 0080A3FE, 2, 0, NONE
ConfigFile.ADTHSVUV, USER VALUE, 00000000, 2, 0, NONE
ConfigFile.ADTTCA, TRANSMISSION_TEMPERATURE_CHANNEL_ADDRESS, 00806B9A, 2, 0, NONE
ConfigFile.ADTTCC, A/D FAULT CLEAR COUNTS, 00806B8E, 2, 0, 
ConfigFile.ADTTCS, A/D DIGITAL FILTER CONSTANT, 00806B8A, 2, 0, 
ConfigFile.ADTTDT, A/D FAULT DECREMENT, 00806B90, 2, 0, CNTS
ConfigFile.ADTTFT, FILTERED AND LINEARIZED, 0080A34C, 2, 0, DEGF
ConfigFile.ADTTGD, GLOBAL DEFAULT VALUE, 00806B8C, 2, 0, DEGF
ConfigFile.ADTTHE, ERROR NUMBER STORAGE FOR TRANSMISSION_TEMPERATURE_HIGH_ERROR, 00806B9E, 1, 0, NONE
ConfigFile.ADTTHL, A/D HIGH ERROR LIMIT, 00806B96, 2, 0, 
ConfigFile.ADTTIC, A/D FAULT INCREMENT, 00806B92, 2, 0, CNTS
ConfigFile.ADTTLE, ERROR NUMBER STORAGE FOR TRANSMISSION_TEMPERATURE_LOW_ERROR, 00806B9F, 1, 0, NONE
ConfigFile.ADTTLL, A/D LOW ERROR LIMIT, 00806B98, 2, 0, 
ConfigFile.ADTTMU, CHANNEL MUX SETTING, 00806B9C, 1, 0, NONE
ConfigFile.ADTTRC, RAW VALUE FROM A/D CONVERTER CHANNEL 7, 0080A354, 2, 0, NONE
ConfigFile.ADTTTE, ERROR NUMBER STORAGE FOR IN_RANGE_ERROR, 00806BA0, 1, 0, NONE
ConfigFile.ADTTUF, CHANNEL 7   LINEARIZED AND UNFILTERED, 0080A34E, 2, 0, DEGF
ConfigFile.ADUFBSPR, UNFILTERED AND LINEARIZED BOOST PRESSURE, 0080A322, 2, 0, INHG
ConfigFile.ADUOAAPR, USER VALUE FOR AMBIENT AIR PRESSURE, 00000000, 2, 0, INHG
ConfigFile.ADUOBSPR, USER VALUE FOR BOOST PRESSURE, 00000000, 2, 0, INHG
ConfigFile.ADUOBTVT, USER VALUE FOR BATTERY VOLTAGE, 00000000, 2, 0, VOLT
ConfigFile.ADUOFLTP, USER VALUE FOR FUEL TEMPERATURE, 00000000, 2, 0, DEGF
ConfigFile.ADUOIMTP, USER VALUE FOR INTAKE MANIFOLD TEMPERATURE, 00000000, 2, 0, DEGF
ConfigFile.ADUOOLPR, USER VALUE FOR OIL PRESSURE, 00000000, 2, 0, PSIG
ConfigFile.ADUOROTH, USER VALUE FOR REMOTE THROTTLE, 00000000, 2, 0, PERC
ConfigFile.ADUOSATH, USER VALUE FOR THROTTLE, 00000000, 2, 0, PERC
ConfigFile.ADVHLZXA, LINEARIZATION TABLE, X-AXIS, 00806F70, 2, 4, CNTS
(null), , 00806F70, , , 
ConfigFile.ADVHSVCA, VEHICLE_CONNECTOR_SENSORS_SV_CHANNEL_ADDRESS, 00806C72, 2, 0, NONE
ConfigFile.ADVHSVCS, A/D DIGITAL FILTER CONSTANT, 00806C62, 2, 0, 
ConfigFile.ADVHSVFC, A/D FAULT CLEAR COUNTS, 00806C66, 2, 0, 
ConfigFile.ADVHSVFD, A/D FAULT DECREMENT, 00806C68, 2, 0, CNTS
ConfigFile.ADVHSVFI, A/D FAULT INCREMENT, 00806C6A, 2, 0, CNTS
ConfigFile.ADVHSVFS, A/D FAULT SET, 00806C6C, 2, 0, CNTS
ConfigFile.ADVHSVFT, FILTERED VALUE AS READ AND SCALED FROM A/D ALGORITHM, 0080A412, 2, 0, 
ConfigFile.ADVHSVGD, GLOBAL DEFAULT VALUE, 00806C64, 2, 0, 
ConfigFile.ADVHSVHE, ERROR NUMBER STORAGE FOR VEHICLE_CONNECTOR_SENSORS_SV_HIGH_ERROR, 00806C76, 1, 0, NONE
ConfigFile.ADVHSVHL, A/D HIGH ERROR LIMIT, 00806C6E, 2, 0, 
ConfigFile.ADVHSVLE, ERROR NUMBER STORAGE FOR VEHICLE_CONNECTOR_SENSORS_SV_LOW_ERROR, 00806C77, 1, 0, NONE
ConfigFile.ADVHSVLL, A/D LOW ERROR LIMIT, 00806C70, 2, 0, 
ConfigFile.ADVHSVMU, CHANNEL MUX SETTING, 00806C74, 1, 0, NONE
ConfigFile.ADVHSVRC, RAW COUNTS, 0080A41A, 2, 0, 
ConfigFile.ADVHSVSR, A/D SAMPLE PERIOD, 00806C79, 1, 0, MSEC
ConfigFile.ADVHSVTE, TRI STATE ERROR, 00806C78, 1, 0, NONE
ConfigFile.ADVHSVTS, TRI STATE ERROR, 00806C75, 1, 0, 
ConfigFile.ADVHSVUF, UNFILTERED AND LINEARIZED, 0080A414, 2, 0, 
ConfigFile.ADVHSVUV, USER VALUE, 00000000, 2, 0, 
ConfigFile.ADV_OVER, BIT 8 OF WORD 4.  ENABLE INDICATOR FOR THE ENGINEERING COMMAND TIMING, 01000192, 2, 0, HEX
ConfigFile.ADWFCA, WATER_IN_FUEL_CHANNEL_ADDRESS, 00806CD2, 2, 0, NONE
ConfigFile.ADWFCS, WATER IN FUEL A/D DIGITAL FILTER CONSTANT, 00806CC2, 2, 0, NONE
ConfigFile.ADWFFC, WATER IN FUEL A/D FAULT CLEAR COUNTS, 00806CC6, 2, 0, CNTS
ConfigFile.ADWFFD, WATER IN FUEL A/D FAULT DECREMENT, 00806CC8, 2, 0, CNTS
ConfigFile.ADWFFI, WATER IN FUEL A/D FAULT INCREMENT, 00806CCA, 2, 0, CNTS
ConfigFile.ADWFFS, WATER IN FUEL A/D FAULT SET, 00806CCC, 2, 0, CNTS
ConfigFile.ADWFFT, FILTERED WATER IN FUEL AS READ AND SCALED FROM A/D ALGORITHM (2=NO H2O, 0080A46A, 2, 0, NONE
ConfigFile.ADWFGD, WATER IN FUEL GLOBAL DEFAULT VALUE, 00806CC4, 2, 0, NONE
ConfigFile.ADWFHE, ERROR NUMBER STORAGE FOR WATER_IN_FUEL_HIGH_ERROR, 00806CD6, 1, 0, NONE
ConfigFile.ADWFHL, WATER IN FUEL A/D HIGH ERROR LIMIT, 00806CCE, 2, 0, CNTS
ConfigFile.ADWFLE, ERROR NUMBER STORAGE FOR WATER_IN_FUEL_LOW_ERROR, 00806CD7, 1, 0, NONE
ConfigFile.ADWFLL, WATER IN FUEL A/D LOW ERROR LIMIT, 00806CD0, 2, 0, CNTS
ConfigFile.ADWFLZXA, WATER IN FUEL LINEARIZATION TABLE, X-AXIS, 00806FEC, 8, 4, CNTS
(null), , 00806FEC, , , 
ConfigFile.ADWFMU, WATER IN FUEL CHANNEL MUX SETTING, 00806CD4, 1, 0, NONE
ConfigFile.ADWFRC, WATER IN FUEL RAW COUNTS, 0080A472, 2, 0, CNTS
ConfigFile.ADWFSR, WATER IN FUEL A/D SAMPLE PERIOD, 00806CD9, 1, 0, MSEC
ConfigFile.ADWFTE, WATER IN FUEL TRI STATE ERROR, 00806CD8, 1, 0, NONE
ConfigFile.ADWFTS, WATER IN FUEL TRI STATE ERROR, 00806CD5, 1, 0, NONE
ConfigFile.ADWFUF, WATER IN FUEL UNFILTERED AND LINEARIZED (2 = NO H2O, 1 = H2O), 0080A46C, 2, 0, NONE
ConfigFile.ADWFUV, WATER IN FUEL USER VALUE (2 = NO H2O, 1 = H2O, 0 = SHORTED), 00000000, 2, 0, NONE
ConfigFile.AENBLFLG, LENGTH OF ALGORITHM_ENABLE_FLAGS, 01000188, 72, 2, HEX
ConfigFile.AFCNICTA, TIMING ADVANCE ADDED TO BASE TIMING ANYTIME AFC IS LIMITING FUELING, 0080DE68, 2, 0, DEG
ConfigFile.AFENMAN, BIT 3 OF 0-15 IN WORD C, 010001A2, 2, 0, HEX
ConfigFile.AFFLLMZA, AFC LOOK-UP TABLE DEFINING FUELING LIMIT AS A FUNCTION OF BOOST AND EN, 00060138, 2, 6, MM3S
ConfigFile.AFFLLMXA, ENGINE SPEED AXIS USED BY AFC TO DETERMINE FUELING LIMIT (17 VALUES), 00060138, 21, 4, RPM
AFFLLMYA, BOOST PRESSURE AXIS USED BY AFC TO DETERMINE FUEL LIMIT (9 VALUES), 00060138, 14, 4, INHG
ConfigFile.AFFLLMZA, AFC LOOK-UP TABLE DEFINING FUELING LIMIT AS A FUNCTION OF BOOST AND EN, 00060138, 2, 6, MM3S
ConfigFile.AFFLMAN, AFC FUELING DERATE VALUE WHEN AFC OVERRIDE IS ENABLED, 00807A5A, 2, 0, %FU
ConfigFile.AFICTA, CALIBRATIBLE TIMING INCREMENT THAT IS ADDED TO BASE TIMING ANYTIME AFC, 00808A6E, 2, 0, DEG
ConfigFile.ANPZ, PRIORITY OF ACCELERATOR INTERLOCK FEATURE W/R TO OTHER THROTTLE FEATUR, 00807A52, 2, 0, PRI
ConfigFile.APAFEN, BIT B WORD 0. ENABLES ALPHA AFC SUBALGORITHM FOR ALPHA_BASE CALCULATIO, 0100018A, 2, 0, HEX
ConfigFile.APAFSS, RESULT OF AFC ALGORITHM, 0080A8FE, 2, 0, 0/1
ConfigFile.APAFTRTM, TIME THAT MUST ELAPSE WITHOUT AFC LIMITING BEFORE ALPHA MAY BE SET TO, 00807AA6, 2, 0, SEC
ConfigFile.APAMHYST, ADDITIONAL AIR PRESSURE FROM APAMTRIG WHICH DISABLES ALPHA ALTITUDE, 01000244, 2, 0, INHG
ConfigFile.APAMTRIG, AMBIENT AIR PRESSURE WHICH TRIGGERS ALPHA ALTITUDE, 01000246, 2, 0, INHG
ConfigFile.APAPBA, RESULT OF AFC, LSG, ON GOVERNOR, AND FUEL RATE ALPHA COMPARISON, 0080A8FA, 2, 0, NONE
ConfigFile.APAPST, INDICATOR AS TO WHICH PART OF THE ALPHA ALGORITHM IS FORCING ALPHA TO, 0080A8FC, 2, 0, 0-3
ConfigFile.APATDQEN, BIT F WORD 0. ENABLES ALTITUDE DERATE OVERRIDE LOGIC IN THE ALPHA FEAT, 0100018A, 2, 0, HEX
ConfigFile.APEGPNEN, BIT E WORD 0. ENABLES LOGIC TO USE ENGINE PROTECTION ALPHA, 0100018A, 2, 0, HEX
ConfigFile.APFLDLRT, FUEL RATE, AFTER FILTERING, WHICH ALPHA USES IN COMPARISON TO TRIGGER, 0080A90A, 2, 0, LB/H
ConfigFile.APFLFTTC, TIME CONSTANT OF LB/HR FILTER USED IN THE ALPHA FUEL RATE CALCULATIONS, 00807AB0, 2, 0, NONE
ConfigFile.APFLRTAP, RESULT OF FUEL RATE ALGORITHM, 0080A900, 2, 0, 0/1
ConfigFile.APFLRTEN, BIT C WORD 0. ENABLES ALPHA FUEL RATE SUB-ALGO FOR ALPHA_BASE DETERMIN, 0100018A, 2, 0, HEX
ConfigFile.APFLTAEN, ENABLE APPLICATION SPECIFIC OVERRIDING FINAL_FUELING, FINAL_TIMING, 0080A926, 2, 0, HEX
ConfigFile.APGVAP, RESULT OF ON GOVERNOR, 0080A902, 2, 0, 0/1
ConfigFile.APLI00, BLANK SPOT IN THE ADJUSTABLE_PARAMETER_LIMITS.H FILE, 0006003C, 2, 0, NONE
ConfigFile.APLI01, BLANK SPOT IN THE ADJUSTABLE_PARAMETER_LIMITS.H FILE, 0006003E, 2, 0, NONE
ConfigFile.APLI17, BLANK SPOT IN THE ADJUSTABLE_PARAMETER_LIMITS.H FILE, 00060050, 2, 0, NONE
ConfigFile.APLI18, BLANK SPOT IN THE ADJUSTABLE_PARAMETER_LIMITS.H FILE, 00060052, 2, 0, NONE
ConfigFile.APLI19, BLANK SPOT IN THE ADJUSTABLE_PARAMETER_LIMITS.H FILE, 00060054, 2, 0, NONE
ConfigFile.APLI20, BLANK SPOT IN THE ADJUSTABLE_PARAMETER_LIMITS.H FILE, 00060056, 2, 0, NONE
ConfigFile.APLI21, BLANK SPOT IN THE ADJUSTABLE_PARAMETER_LIMITS.H FILE, 00060058, 2, 0, NONE
ConfigFile.APLI22, BLANK SPOT IN THE ADJUSTABLE_PARAMETER_LIMITS.H FILE, 0006005A, 2, 0, NONE
ConfigFile.APLI25, BLANK SPOT IN THE ADJUSTABLE_PARAMETER_LIMITS.H FILE, 00060060, 4, 0, NONE
ConfigFile.APLI26, BLANK SPOT IN THE ADJUSTABLE_PARAMETER_LIMITS.H FILE, 00060064, 4, 0, NONE
ConfigFile.APLI27, BLANK SPOT IN THE ADJUSTABLE_PARAMETER_LIMITS.H FILE, 00060068, 2, 0, NONE
ConfigFile.APLI28, BLANK SPOT IN THE ADJUSTABLE_PARAMETER_LIMITS.H FILE, 0006006A, 2, 0, NONE
ConfigFile.APLI29, BLANK SPOT IN THE ADJUSTABLE_PARAMETER_LIMITS.H FILE, 0006006C, 2, 0, NONE
ConfigFile.APLI30, BLANK SPOT IN THE ADJUSTABLE_PARAMETER_LIMITS.H FILE, 0006006E, 2, 0, NONE
ConfigFile.APLMES, RPM DERATE SUPPLIED BY APPLICATION GROUP., 0080D64C, 2, 0, RPM
ConfigFile.APLSAP, RESULT OF LSG ALGORITHM, 0080A904, 2, 0, 0/1
ConfigFile.APLSEN, BIT A WORD 0. ENABLES ALPHA LSG SUB-ALGO FOR ALPHA_BASE DETERMINATION, 0100018A, 2, 0, HEX
ConfigFile.APLSTMTR, TIME THAT MUST EXPIRE WITHOUT LSG COMMANDING FUEL BEFORE ALPHA IS ONE, 00807AAE, 2, 0, SEC
ConfigFile.APONGVEN, BIT D WORD 0. ENABLES ALPHA ON GOVERNOR SUB-ALGO FOR ALPHA_BASE DETERM, 0100018A, 2, 0, HEX
ConfigFile.APRM01RT, RATE AT WHICH ALPHA INCREASES WHILE ALPHA IS BELOW THE ALPHA THRESHOLD, 00807AA0, 2, 0, /SEC
ConfigFile.APRM02RT, RATE AT WHICH ALPHA INCREASES WHILE ALPHA IS >=  THE ALPHA THRESHOLD, 00807AA2, 2, 0, /SEC
ConfigFile.APRMBKTD, VALUE OF ALPHA AT WHICH THE RAMP RATE TRANSITION TAKES PLACE, 00807AA4, 2, 0, /SEC
ConfigFile.APRSFLRT, FUEL RATE LIMIT BELOW WHICH ALPHA IS ZERO -RESET VALUE AFTER LSG & AFC, 00807AB2, 2, 0, LB/H
ConfigFile.APTDFLRT, FUEL RATE LIMIT ABOVE WHICH ALPHA MAY GO TO ONE, 00807AB4, 2, 0, LB/H
ConfigFile.APUOAPEN, BIT 0 WORD 1. EEPROM INDICATOR SET BY ENGR APPLICATIONS TO CONTROL ALP, 0100018C, 2, 0, HEX
ConfigFile.AS01CF, ASG THROTTLE MODE COMPENSATION FILTER COEF. 1 CALIBRATION, 00807BEC, 2, 0, NONE
ConfigFile.AS02CF, ASG THROTTLE MODE COMPENSATION FILTER COEF. 2 CALIBRATION, 00807BEE, 2, 0, NONE
ConfigFile.AS03CF, ASG THROTTLE MODE COMPENSATION FILTER COEF. 3 CALIBRATION, 00807BF0, 2, 0, NONE
ConfigFile.ASALDPXA, ASG ALTERNATE DROOP TABLE INPUT AXIS, 00060472, 7, 4, RPM
(null), , 00060472, , , 
ConfigFile.ASALPHA, ALPHA VALUE USED TO OVERRIDE SLAVE ECM., 0080A930, 2, 0, NONE
ConfigFile.ASANENF, APPLICATION SPECIFIC ANC ENABLE/DISABLE FLAG(SET TO FALSE TO DISABLE), 0080A2A8, 2, 0, NONE
ConfigFile.ASANODFG, APPLICATION SPECIFIC ANC OVERRIDE FLAG(1 = ENGAGE ANC), 0080A2A6, 2, 0, NONE
ConfigFile.ASAP01CF, ASG APPLICATION SPECIFIC COMPENSATION FILTER COEF. 1, 0080A966, 2, 0, NONE
ConfigFile.ASAP01DP, ASG APPLICATION SPECIFIC DROOP GAIN 1, 0080A942, 2, 0, NONE
ConfigFile.ASAP01DV, ASG APPLICATION SPECIFIC DERIVATIVE GAIN 1, 0080A962, 2, 0, FS/R
ConfigFile.ASAP01IT, ASG APPLICATION SPECIFIC INTEGRAL GAIN 1, 0080A95E, 2, 0, F/RS
ConfigFile.ASAP01PP, ASG APPLICATION SPECIFIC PROPORTIONAL GAIN 1, 0080A95A, 2, 0, %F/R
ConfigFile.ASAP02CF, ASG APPLICATION SPECIFIC COMPENSATION FILTER COEF. 2, 0080A968, 2, 0, NONE
ConfigFile.ASAP02DP, ASG APPLICATION SPECIFIC DROOP GAIN 2, 0080A944, 2, 0, NONE
ConfigFile.ASAP02DV, ASG APPLICATION SPECIFIC DERIVATIVE GAIN 2, 0080A964, 2, 0, FS/R
ConfigFile.ASAP02IT, ASG APPLICATION SPECIFIC INTEGRAL GAIN 2, 0080A960, 2, 0, F/RS
ConfigFile.ASAP02PP, ASG APPLICATION SPECIFIC PROPORTIONAL GAIN 2, 0080A95C, 2, 0, %F/R
ConfigFile.ASAP03CF, ASG APPLICATION SPECIFIC COMPENSATION FILTER COEF. 3, 0080A96A, 2, 0, NONE
ConfigFile.ASAPFTCF, ASG APPLICATION SPECIFIC REFERENCE FILTER COEFFICIENT, 0080A946, 2, 0, NONE
ConfigFile.ASAPHILM, ASG APPLICATION SPECIFIC FUELING HIGH LIMIT, 0080A948, 2, 0, %FU
ConfigFile.ASAPLOLM, ASG APPLICATION SPECIFIC FUELING LOWER LIMIT, 0080A94A, 2, 0, %FU
ConfigFile.ASAPODMD, ASG APPLICATION SPECIFIC REFERENCE OVERRIDE MODE, 0080A93E, 2, 0, NONE
ConfigFile.ASAPRF, ASG APPLICATION SPECIFIC REFERENCE SPEED, 0080A940, 2, 0, RPM
ConfigFile.ASAPRS, ASG APPLICATION SPECIFIC RESET, 0080A94C, 2, 0, NONE
ConfigFile.ASAPSTX1, ASG APPLICATION SPECIFIC STATE X1 RESET VALUE, 0080A94E, 2, 0, RPM
ConfigFile.ASAPSTX2, ASG APPLICATION SPECIFIC STATE X2 RESET VALUE, 0080A950, 2, 0, %F
ConfigFile.ASAPSTX3, ASG APPLICATION SPECIFIC STATE X3 RESET VALUE, 0080A952, 2, 0, RPM
ConfigFile.ASAPSTX4, ASG APPLICATION SPECIFIC STATE X4 RESET VALUE, 0080A954, 2, 0, %FU
ConfigFile.ASAPSTX5, ASG APPLICATION SPECIFIC STATE X5 RESET VALUE, 0080A956, 2, 0, %F
ConfigFile.ASAPSTX6, ASG APPLICATION SPECIFIC STATE X6 RESET VALUE, 0080A958, 2, 0, %F
ConfigFile.ASCNHILM, ASG FUELING HIGH LIMIT CALIBRATION FOR THOTTLE MODE, 00807BDC, 2, 0, %FU
ConfigFile.ASCNLOLM, ASG FUELING LOWER LIMIT CALIBRATION FOR THOTTLE MODE, 00807BDE, 2, 0, %FU
ConfigFile.ASDP01GN, OFFSET USED TO ADJUST DROOP IN THE GAIN ADJUST CALCULATION OF THE ASG, 010000AC, 2, 0, RPM
ConfigFile.ASDP02GN, SLOPE MULTIPLIER USED TO ADJUST DROOP IN THE GAIN ADJUST CALCULATION O, 010000AE, 4, 0, RPM
ConfigFile.ASDP21GN, ALTERNATE OFFSET USED TO ADJUST DROOP IN GAIN ADJUST CALC. FOR ASG, 010000BA, 2, 0, RPM
ConfigFile.ASDP22GN, ALTERNATE SLOPE MULTIPLIER USED TO ADJUST DROOP IN GAIN ADJUST CALC., 010000BC, 4, 0, RPM
ConfigFile.ASDP31GN, ALTERNATE OFFSET USED TO ADJUST DROOP IN GAIN ADJUST CALC. FOR ASG, 010000C8, 2, 0, RPM
ConfigFile.ASDP32GN, ALTERNATE SLOPE MULTIPLIER USED TO ADJUST DROOP IN GAIN ADJUST CALC., 010000CA, 4, 0, RPM
ConfigFile.ASDPFGCN, CALIBRATION FOR ASG DROOP SELECTION FLAG; SELECT DROOP SOURCE, 00807AC4, 2, 0, NONE
ConfigFile.ASDPGN01, ASG DROOP GAIN 1, 0080A992, 2, 0, NONE
ConfigFile.ASDPGN02, ASG DROOP GAIN 2, 0080A994, 2, 0, NONE
ConfigFile.ASDPMN02, TOOL ASG DROOP MIN THROTTLE % FOR SWITCHED DROOP 2 ADJUSTABLE PARAMETE, 010000B6, 2, 0, %
ConfigFile.ASDPMN03, TOOL ASG DROOP MIN THROTTLE % FOR SWITCHED DROOP 3 ADJUSTABLE PARAMETE, 010000C4, 2, 0, %
ConfigFile.ASDPMX02, TOOL ASG DROOP MAX THROTTLE % FOR SWITCHED DROOP 2 ADJUSTABLE PARAMETE, 010000B8, 2, 0, %
ConfigFile.ASDPMX03, TOOL ASG DROOP MAX THROTTLE % FOR SWITCHED DROOP 3 ADJUSTABLE PARAMETE, 010000C6, 2, 0, %
ConfigFile.ASDPTBXA, ASG DROOP TABLE INPUT AXIS (F(REFERENCE SPEED)), 00060492, 7, 4, RPM
(null), , 00060492, , , 
ConfigFile.ASDV01GN, ASG DERIVATIVE GAIN 1 CALIBRATION, 00807BE8, 2, 0, FS/R
ConfigFile.ASDV02GN, ASG DERIVATIVE GAIN 2 CALIBRATION, 00807BEA, 2, 0, FS/R
ConfigFile.ASDVDELM, ASG DERIVATIVE DEAD BAND LIMIT, 00807ABE, 2, 0, %FU
ConfigFile.ASDVFTCF, ASG DERIVATIVE FILTER COEFFICIENT CALIBRATION, 00807AC0, 2, 0, NONE
ConfigFile.ASDVLM, ASG DERIVATIVE LIMIT, 00807AC2, 2, 0, %FU
ConfigFile.ASERDC, ASG ERROR DIFFERENCE, 0080A96E, 2, 0, RPM
ConfigFile.ASETRS, ASG EXTERNAL RESET FLAG, 0080A9A0, 2, 0, NONE
ConfigFile.ASFBDC, ASG FEEDBACK DIFFERENCE TERM, 0080A970, 2, 0, RPM
ConfigFile.ASFLHILM, ASG FUELING HIGH LIMIT, 0080A99C, 2, 0, %FU
ConfigFile.ASFLLOLM, ASG FUELING LOWER LIMIT, 0080A99E, 2, 0, %FU
ConfigFile.ASFTCF, ASG REFERENCE FILTER COEFFICIENT CALIBRATION, 00807BDA, 2, 0, NONE
ConfigFile.ASFTRF, ASG FILTERED REFERENCE SPEED, 0080A972, 2, 0, RPM
ConfigFile.ASIT01GN, ASG INTEGRAL GAIN 1 CALIBRATION, 00807BE4, 2, 0, F/RS
ConfigFile.ASIT02GN, ASG INTEGRAL GAIN 2 CALIBRATION, 00807BE6, 2, 0, F/RS
ConfigFile.ASJ100CF, ASG COMPENSATION FILTER COEF. 1 - JCOMM MODE 00, 00807B9E, 2, 0, NONE
ConfigFile.ASJ100DV, ASG DERIVATIVE GAIN 1 - JCOMM MODE 00, 00807B9A, 2, 0, FS/R
ConfigFile.ASJ100IT, ASG INTEGRAL GAIN 1 - JCOMM MODE 00, 00807B96, 2, 0, F/RS
ConfigFile.ASJ100PP, ASG PROPORTIONAL GAIN 1 - JCOMM MODE 00, 00807B92, 2, 0, %F/R
ConfigFile.ASJ101CF, ASG COMPENSATION FILTER COEF. 1 - JCOMM MODE 01, 00807BB0, 2, 0, NONE
ConfigFile.ASJ101DV, ASG DERIVATIVE GAIN 1 - JCOMM MODE 01, 00807BAC, 2, 0, FS/R
ConfigFile.ASJ101IT, ASG INTEGRAL GAIN 1 - JCOMM MODE 01, 00807BA8, 2, 0, F/RS
ConfigFile.ASJ101PP, ASG PROPORTIONAL GAIN 1 - JCOMM MODE 01, 00807BA4, 2, 0, %F/R
ConfigFile.ASJ110CF, ASG COMPENSATION FILTER COEF. 1 - JCOMM MODE 10, 00807BC2, 2, 0, NONE
ConfigFile.ASJ110DV, ASG DERIVATIVE GAIN 1 - JCOMM MODE 10, 00807BBE, 2, 0, FS/R
ConfigFile.ASJ110IT, ASG INTEGRAL GAIN 1 - JCOMM MODE 10, 00807BBA, 2, 0, F/RS
ConfigFile.ASJ110PP, ASG PROPORTIONAL GAIN 1 - JCOMM MODE 10, 00807BB6, 2, 0, %F/R
ConfigFile.ASJ111CF, ASG COMPENSATION FILTER COEF. 1 - JCOMM MODE 11, 00807BD4, 2, 0, NONE
ConfigFile.ASJ111DV, ASG DERIVATIVE GAIN 1 - JCOMM MODE 11, 00807BD0, 2, 0, FS/R
ConfigFile.ASJ111IT, ASG INTEGRAL GAIN 1 - JCOMM MODE 11, 00807BCC, 2, 0, F/RS
ConfigFile.ASJ111PP, ASG PROPORTIONAL GAIN 1 - JCOMM MODE 11, 00807BC8, 2, 0, %F/R
ConfigFile.ASJ200CF, ASG COMPENSATION FILTER COEF. 2 - JCOMM MODE 00, 00807BA0, 2, 0, NONE
ConfigFile.ASJ200DV, ASG DERIVATIVE GAIN 2 - JCOMM MODE 00, 00807B9C, 2, 0, FS/R
ConfigFile.ASJ200IT, ASG INTEGRAL GAIN 2 - JCOMM MODE 00, 00807B98, 2, 0, F/RS
ConfigFile.ASJ200PP, ASG PROPORTIONAL GAIN 2 - JCOMM MODE 00, 00807B94, 2, 0, %F/R
ConfigFile.ASJ201CF, ASG COMPENSATION FILTER COEF. 2 - JCOMM MODE 01, 00807BB2, 2, 0, NONE
ConfigFile.ASJ201DV, ASG DERIVATIVE GAIN 2 - JCOMM MODE 01, 00807BAE, 2, 0, FS/R
ConfigFile.ASJ201IT, ASG INTEGRAL GAIN 2 - JCOMM MODE 01, 00807BAA, 2, 0, F/RS
ConfigFile.ASJ201PP, ASG PROPORTIONAL GAIN 2 - JCOMM MODE 01, 00807BA6, 2, 0, %F/R
ConfigFile.ASJ210CF, ASG COMPENSATION FILTER COEF. 2 - JCOMM MODE 10, 00807BC4, 2, 0, NONE
ConfigFile.ASJ210DV, ASG DERIVATIVE GAIN 2 - JCOMM MODE 10, 00807BC0, 2, 0, FS/R
ConfigFile.ASJ210IT, ASG INTEGRAL GAIN 2 - JCOMM MODE 10, 00807BBC, 2, 0, F/RS
ConfigFile.ASJ210PP, ASG PROPORTIONAL GAIN 2 - JCOMM MODE 10, 00807BB8, 2, 0, %F/R
ConfigFile.ASJ211CF, ASG COMPENSATION FILTER COEF. 2 - JCOMM MODE 11, 00807BD6, 2, 0, NONE
ConfigFile.ASJ211DV, ASG DERIVATIVE GAIN 2 - JCOMM MODE 11, 00807BD2, 2, 0, FS/R
ConfigFile.ASJ211IT, ASG INTEGRAL GAIN 2 - JCOMM MODE 11, 00807BCE, 2, 0, F/RS
ConfigFile.ASJ211PP, ASG PROPORTIONAL GAIN 2 - JCOMM MODE 11, 00807BCA, 2, 0, %F/R
ConfigFile.ASJ300CF, ASG COMPENSATION FILTER COEF. 3 - JCOMM MODE 00, 00807BA2, 2, 0, NONE
ConfigFile.ASJ301CF, ASG COMPENSATION FILTER COEF. 3 - JCOMM MODE 01, 00807BB4, 2, 0, NONE
ConfigFile.ASJ310CF, ASG COMPENSATION FILTER COEF. 3 - JCOMM MODE 10, 00807BC6, 2, 0, NONE
ConfigFile.ASJ311CF, ASG COMPENSATION FILTER COEF. 3 - JCOMM MODE 11, 00807BD8, 2, 0, NONE
ConfigFile.ASJCFLMN, ASG JCOMM FUELING LOWER LIMIT CALIBRATION, 00807B90, 2, 0, %FU
ConfigFile.ASJCFLMX, ASG JCOMM FUELING HIGH LIMIT CALIBRATION, 00807B8E, 2, 0, %FU
ConfigFile.ASJCFTCS, ASG JCOMM REFERENCE FILTER CONSTANT, 00807B8C, 2, 0, NONE
ConfigFile.ASMNRF02, ALTERNATE ASG REFERENCE SPEED FOR 0% THROTTLE INPUT, 010000C0, 2, 0, RPM
ConfigFile.ASMNRF03, ALTERNATE ASG REFERENCE SPEED FOR 0% THROTTLE INPUT, 010000CE, 2, 0, RPM
ConfigFile.ASMNRP, ASG REFERENCE SPEED FOR 0% THROTTLE INPUT -SHOULD BE LESS THAN LSGMNRE, 0080A9A4, 2, 0, RPM
ConfigFile.ASMXFL, FUELING FROM 4D TABLES USING ASG_SELECTED_SPEED, 100% THROTTLE, AND AL, 0080A976, 2, 0, MM3S
ConfigFile.ASMXRF02, ALTERNATE ASG REFERENCE SPEED FOR 100% THROTTLE INPUT, 010000C2, 2, 0, RPM
ConfigFile.ASMXRF03, ALTERNATE ASG REFERENCE SPEED FOR 100% THROTTLE INPUT, 010000D0, 2, 0, RPM
ConfigFile.ASMXRP, ASG REFERENCE SPEED FOR 100% THROTTLE INPUT -SHOULD BE GREATER THAN HS, 0080A9A6, 2, 0, RPM
ConfigFile.ASPP01GN, ASG PROPORTIONAL GAIN 1 CALIBRATION, 00807BE0, 2, 0, %F/R
ConfigFile.ASPP02GN, ASG PROPORTIONAL GAIN 2 CALIBRATION, 00807BE2, 2, 0, %F/R
ConfigFile.ASRSSTX1, ASG RESET STATE X1, 0080A932, 2, 0, RPM
ConfigFile.ASRSSTX2, ASG RESET STATE X2, 0080A934, 2, 0, %FU
ConfigFile.ASRSSTX3, ASG RESET STATE X3, 0080A936, 2, 0, RPM
ConfigFile.ASRSSTX4, ASG RESET STATE X4, 0080A938, 2, 0, %FU
ConfigFile.ASRSSTX5, ASG RESET STATE X5, 0080A93A, 2, 0, %FU
ConfigFile.ASRSSTX6, ASG RESET STATE X6, 0080A93C, 2, 0, %FU
ConfigFile.ASSLDP, ASG SELECTED DROOP SLOPE, 0080A99A, 2, 0, R/%F
ConfigFile.ASTH01DP, ASG THROTTLE DROOP GAIN 1, 0080A996, 2, 0, NONE
ConfigFile.ASTH02DP, ASG THROTTLE DROOP GAIN 2, 0080A998, 2, 0, NONE
ConfigFile.ASTHPFRL, ASG THROTTLE REF RATE LIMIT FOR PREFILTER COEF. CALCULATION, 00807AC6, 2, 0, RPMS
ConfigFile.ASTHRFES, ALL SPEED GOVERNOR REFERENCE SPEED BASED UPON THROTTLE POSITION, 0080A98C, 2, 0, RPM
ConfigFile.ASTL01MN, MINIMUM FOR ASG_DROOP_GAIN1, 00060018, 2, 0, RPM
ConfigFile.ASTL01MX, MAXIMUM FOR ASG_DROOP_GAIN1, 0006001A, 2, 0, RPM
ConfigFile.ASTL02MN, MINIMUM FOR ASG_DROOP_GAIN2, 0006001C, 2, 0, RPM
ConfigFile.ASTL02MX, MAXIMUM FOR ASG_DROOP_GAIN2, 0006001E, 2, 0, RPM
ConfigFile.ASTLMNMN, MINIMUM ALLOWED SPEED FOR ASG_MINIMUM_SPEED, 00060020, 2, 0, RPM
ConfigFile.ASTLMNMX, MAXIMUM ALLOWED SPEED FOR ASG_MINIMUM_SPEED, 00060022, 2, 0, RPM
ConfigFile.ASTLMXMN, MINIMUM ALLOWED SPEED FOR ASG_MAXIMUM_SPEED, 00060024, 2, 0, RPM
ConfigFile.ASTLMXMX, MAXIMUM ALLOWED SPEED FOR ASG_MAXIMUM_SPEED, 00060026, 2, 0, RPM
ConfigFile.ATAAPRDF, DEFAULT FUELING TO BE USED BY ALTITUDE DERATE IF AMBIENT AIR PRESSURE, 00807ABC, 2, 0, MM3S
ATAAPRYA, AMBIENT AIR PRESSURE AXIS VALUES (4 VALUES) FOR ALTITUDE_DERATE_FUELIN, 000603BA, 4, 4, INHG
ConfigFile.ATAGEN, BIT 5 OF 0-15.  CALIBRATION TRIM USED TO ENABLE THE ALTITUDE DERATE AL, 0100018C, 2, 0, HEX
ConfigFile.ATAPMNTM, TIME ALPHA IS LATCHED TO ADALF AFTER ALTITUDE DERATE STOPS FUEL LIMITI, 00807AAA, 2, 0, SEC
ConfigFile.ATENESTR, ENGINE SPEED ABOVE WHICH DERATING WILL OCCUR WHEN AMBIENT AIR PRESSURE, 00807ABA, 2, 0, RPM
ConfigFile.ATESXA, ENGINE RPM AXIS VALUES (18 VALUES) FOR ALTITUDE_DERATE_FUELING_TABLE, 000603BA, 21, 4, RPM
ConfigFile.ATFLLMZA, TABLE OF FUEL LIMIT VALUES USED BY ALTITUDE DERATE (4X18 VALUES), 000603BA, 2, 6, MM3S
ConfigFile.ATFLLMZA, TABLE OF FUEL LIMIT VALUES USED BY ALTITUDE DERATE (4X18 VALUES), 000603BA, 2, 6, MM3S
ConfigFile.AUDIT_TR, MULTI BYTE SERVICE TOOL CHANGE TRACKING AREA, 010001D2, 2, 2, NONE
ConfigFile.AUTO_ADJ, ADJUSTABLE PARAMETERS OF THE AUTOMOTIVE INTERFACE ITEMS, 01000230, 2, 0, 
ConfigFile.BCASTTBL, SPECIAL ENGINE MONITOR BROADCAST TABLE, 008089DA, 2, 0, NONE
ConfigFile.BKLSMXEL, MAX_EPS_BACKUP_LOST_DURATION, 00807EE2, 2, 0, SEC
ConfigFile.BLK_SIZE, CALIBRATION DOWNLOAD SIZE, 00000000, 4, 0, HEX
ConfigFile.BLOKDATA, NONE, 0000800E, 60, 2, HEX
ConfigFile.BOOTDST, THE FLASH ADDRESS TO COPY TO WHEN REPROGRAMMING THE BOOT BLOCK, 008084FC, 4, 0, HEX
ConfigFile.BOOTKEY, THIS KEY MUST BE SET TO BAD1 BEFORE BOOT BLOCK IS PROGRAMMED, 00808504, 2, 0, HEX
ConfigFile.BOOTLEN, THE LENGTH OF THE BLOCK TO COPY WHEN REPROGRAMMING THE BOOT BLOCK, 00808500, 4, 0, HEX
ConfigFile.BOOTSRC, THE RAM ADDRESS TO COPY FROM WHEN REPROGRAMMING THE BOOT BLOCK, 008084F8, 4, 0, HEX
ConfigFile.BSSNPZ, INDICATES THAT BOOST PRESS SENSOR IS ABSOLUTE PRESSURE SENSOR, 00807D12, 2, 0, N/A
ConfigFile.BSTABELM, DESIRED SOI BEFORE BEING LIMITED BY MISFIRE ALGORITHM, 0080A270, 2, 0, DEG
ConfigFile.BSTABSXA, BOOST PRESS AXIS FOR MISFIRE LIMIT TABLE, 0080794E, 4, 4, INHG
BSTAESYA, SPEED AXIS FOR MISFIRE LIMIT TABLE, 0080794E, 4, 4, RPM
ConfigFile.BSTAMNLM, OUTPUT OF THE MISFIRE TIMING LIMIT TABLE, 0080A26E, 2, 0, DEG
ConfigFile.BSTATBZA, TABLE FOR DETERMINING MINIMUM ADVANCE FOR MISFIRE, 0080794E, 2, 6, DEG
ConfigFile.CAICTAYA, TABLE USED BY COOLANT ADVANCE  TO DEFINE TIMING INC. VS. COOL. TEMP. (, 00060584, 2, 5, DEG
(null), , 00060584, , , 
ConfigFile.CAL_DATE, CALIBRATION RELEASE DATE., 01000080, 6, 2, HEX
ConfigFile.CAMXFLTR, FUEL VALUE ABOVE WHICH COOLANT ADVANCE  WILL NOT INCREMENT TIMING, 00060570, 2, 0, MM3S
ConfigFile.CCMNFLLM, CC/RSG FUELING CLAMP MIN., 00807CB8, 2, 0, %FU
ConfigFile.CCMXFLLM, CC/RSG FUELING CLAMP MAX., 00807CB6, 2, 0, %FU
ConfigFile.CCRFRTNG, NEGATIVE SLEW RATE LIMIT ON CRUISE CONTROL REFERENCE, 00807CA8, 2, 0, MPHS
ConfigFile.CCRFRTPS, POSITIVE SLEW RATE LIMIT ON CRUISE CONTROL REFERENCE, 00807CA6, 2, 0, MPHS
ConfigFile.CGLMRMRT, THE RATE AT WHICH THE LIMIT SPEED IS RAMPED DOWN TO THE LOW LIMIT, 008089C8, 2, 0, M/S
ConfigFile.CK4DTA, 4D TIMING OUTPUT BY CRANK, 0080D09C, 2, 0, DEG
ConfigFile.CKAJIIES, CRANK ADJUSTED INITIAL RPM, 0080D0B0, 2, 0, RPM
ConfigFile.CKAJIIFL, CRANK ADJUSTED INITIAL FUEL, 0080D0AE, 2, 0, MM3S
ConfigFile.CKCDCLES, CRANK LOW COOLANT TEMPERATURE RPM, 00807EFC, 2, 0, RPM
ConfigFile.CKCDCLFL, CRANK LOW COOLANT TEMPERATURE FUELING, 00807EF8, 2, 0, MM3S
ConfigFile.CKCDCLTP, CRANK LOW COOLANT TEMPERATURE, 00807EEE, 2, 0, DEGF
ConfigFile.CKCDIMES, CRANK LOW INTAKE MANIFOLD TEMPERATURE RPM, 00807F04, 2, 0, RPM
ConfigFile.CKCDIMTA, CRANK LOW INTAKE MANIFOLD TEMPERATURE TVC, 00807F00, 2, 0, DEG
ConfigFile.CKCDIMTP, CRANK LOW INTAKE MANIFOLD TEMPERATURE, 00807EF2, 2, 0, DEGF
ConfigFile.CKCLTAIC, COOLANT ADVANCE TIMING OUTPUT BY CRANK, 0080D0A2, 2, 0, DEG
ConfigFile.CKCNEXES, ENGINE SPEED AT WHICH THE ALGORITHM STOPS COMMANDING FUEL, 00807EEA, 2, 0, RPM
ConfigFile.CKCNEXTM, CRANK EXIT TIME, 00807F10, 2, 0, SEC
ConfigFile.CKCNJSTM, CRANK JUMPSTART TIME, 00807F0A, 2, 0, SEC
ConfigFile.CKEGSRIH, ENGINE STARTUP INHIBIT, 008057BE, 2, 0, T/F
ConfigFile.CKEXESOF, CRANK EXITED INITIAL RPM OFFSET, 00807F14, 2, 0, RPM
ConfigFile.CKEXESSW, CRANK EXIT SPEED SWITCH  1 = USE CALIBRATION/0=USE LSG RFERENCE, 01000480, 2, 0, 1/0
ConfigFile.CKEXFLAJ, CRANK EXIT FUEL ADJUSTMENT, 0080D0B6, 2, 0, MM3S
ConfigFile.CKEXFLOF, CRANK EXITED INITIAL FUELING OFFSET, 00807F12, 2, 0, MM3S
ConfigFile.CKEXFLRT, CRANK EXIT FUEL RAMP RATE, 00807F18, 2, 0, MM3S
ConfigFile.CKFLOFMX, CRANK EXIT FUEL RAMP RATE MAXIMUM, 00807F1A, 2, 0, MM3S
ConfigFile.CKFLRMES, CRANK EXIT FUEL RAMP RPM, 00807F16, 2, 0, RPM
ConfigFile.CKHTCLES, CRANK HIGH COOLANT TEMPERATURE RPM, 00807EFA, 2, 0, RPM
ConfigFile.CKHTCLFL, CRANK HIGH COOLANT TEMPERATURE FUELING, 00807EF6, 2, 0, MM3S
ConfigFile.CKHTCLTP, CRANK HIGH COOLANT TEMPERATURE, 00807EEC, 2, 0, DEGF
ConfigFile.CKHTIMES, CRANK HIGH INTAKE MANIFOLD TEMPERATURE RPM, 00807F02, 2, 0, RPM
ConfigFile.CKHTIMTA, CRANK HIGH INTAKE MANIFOLD TEMPERATURE TIMING, 00807EFE, 2, 0, DEG
ConfigFile.CKHTIMTP, CRANK HIGH INTAKE MANIFOLD TEMPERATURE, 00807EF0, 2, 0, DEGF
ConfigFile.CKIIFLES, CRANK INITIAL FUEL BREAK SPEED, 0080D0B2, 2, 0, RPM
ConfigFile.CKIIREES, CRANK INITIAL REENTRY SPEED, 00807F06, 2, 0, RPM
ConfigFile.CKIITAES, CRANK INITIAL ADVACE BREAK SPEED, 0080D0B4, 2, 0, RPM
ConfigFile.CKINFRAJ, FUELING VAL. TO BE ADDED TO CRANK INITIAL FUEL VAL., 0080D0BC, 2, 0, %FU
ConfigFile.CKINRPAJ, ENG. SPD. VAL. TO BE ADDED TO CRK INIT FUEL BRK SPD., 0080D0BE, 2, 0, RPM
ConfigFile.CKJSESRT, CRANK JUMPSTART RPM RAMP RATE, 00807F0E, 2, 0, R/S
ConfigFile.CKJSFLRT, CRANK JUMPSTART TVO RAMP RATE, 00807F0C, 2, 0, FU/S
ConfigFile.CKJSTM, TIMER USED TO DICTATE A JUMPSTART CONDITION, 0080D0A0, 2, 0, SEC
ConfigFile.CKREESOF, CRANK REENTRY SPEED OFFSET, 00807F08, 2, 0, RPM
ConfigFile.CKSPRP, ENGINE SPEED FOR TRANSITION INTO/OUT OF CRANK(REENTR) STATE, 00807F22, 2, 0, RPM
ConfigFile.CKSYERTT, TOOTH COUNT AT WHICH ERROR WAS FOUND BY PMM, 0080D292, 1, 0, 
ConfigFile.CKSYERTY, PMM_ERROR_TYPE:SIGNIFIES THE TYPE OF SYNC ERROR FOUND BY PMMA, 0080D293, 1, 0, HEX
ConfigFile.CKTTCUER, CRANK_TOOTH_COUNT_ERROR:INCREMENTED WHEN EPS TOOTH COUNT WRONG, 0080D2BF, 1, 0, CNT
ConfigFile.CKTTERMX, IF CRANK_TOOTH_COUNT_ERROR_COUNT >= THIS THEN SET ERROR, 00807F9E, 1, 0, CNT
ConfigFile.CKWSTA, WET STACK TIMING OUTPUTED BY CRANK, 0080D0A4, 2, 0, DEG
ConfigFile.CLNTFL, MAXIMUM FUELING VALUE THAT DOES NOT INJECT FUEL., 00808194, 2, 0, MM3S
ConfigFile.CMECTR, TIME KEY SWITCH IS ON AND ECM IS RUNNING BOOT OR APPLICATION CODE, 0080BDA4, 4, 0, SEC
ConfigFile.CMEGTR, TIME THAT THE ENGINE IS NOT IN STOP STATE, 0080CCEE, 4, 0, SEC
ConfigFile.CMLSEL, CAM_SYNC_LOST_DURATION, 0080D056, 2, 0, SEC
ConfigFile.CMLSMXEL, MAX_CAM_SYNC_LOST_DURATION, 00807EDC, 2, 0, SEC
ConfigFile.CMSNCU01, WIDE_CI_COUNT:EXPECTED EPS TEETH DURING WIDE CI PULSE, 00807F98, 2, 0, CNT
ConfigFile.CMSNCU02, NARROW_CI_COUNT:EXPECTED EPS TEETH DURING NARROW CI PULSE, 00807F9A, 2, 0, CNT
ConfigFile.CMSNCUER, CI_TOOTH_COUNT_ERROR:INCREMENTED WHEN CI PULSE WIDTH IS WRONG, 0080D2C0, 1, 0, CNT
ConfigFile.CMSNERMX, IF CI_TOOTH_COUNT_ERROR_COUNT >= THIS THEN SET ERROR, 00807F9F, 1, 0, CNT
ConfigFile.CMSNFXER, CI_SIGNAL_ERROR:INCREMENTED WHEN CI PULSE IS MISSING, 0080D2C1, 1, 0, CNT
ConfigFile.CMSNFXMX, IF CI_SIGNAL_ERROR_COUNT >= THIS THEN SET ERROR, 00807FA0, 1, 0, CNT
ConfigFile.CMSNTMCU, CI_LOST_COUNT_MAX:RESET VALUE FOR CI TIMEOUT COUNTER, 00807F9C, 2, 0, CNT
ConfigFile.CMSNTTCU, CI_TOOTH_COUNT:NUMBER OF EPS TEETH DURING CI PULSE, 0080D2BE, 1, 0, CNT
ConfigFile.CMSYBKSS, CAM_SYNC_STATE_BACKUP: 0 = NO SYNC, 1 = HAVE SYNC, 2 = LOST SYNC ON CA, 0080D0D0, 1, 0, NHL
ConfigFile.CMSYFG, FLAG INDICATING CRANK REV 1 OR 2 OF CAM REV, 0080D0CF, 1, 0, 
ConfigFile.CMSYRSFG, CAM_CYCLE_RESET:FLAG INDICATING OCCURRENCE OF EPS PULSE, 0080D0CE, 1, 0, 1-T
ConfigFile.CMSYSS, CAM_SYNC_STATE: 0=NO SYNC,1=HAVE SYNC,2=LOST SYNC ON CAM., 0080D0CC, 1, 0, NHL
ConfigFile.CPAGEN, BIT 11 OF 0-15.  ENABLES AND DISABLES THE CYLINDER PRESSURE MAINTENANC, 01000190, 2, 0, HEX
ConfigFile.CPBS01, CYLINDER PRESSURE BLANK SPOT 1, 00807D16, 2, 0, NONE
ConfigFile.CPBS03, BLANK SPOT FOR START_OF_INJECTION_AXIS, 00060776, 2, 5, NONE
ConfigFile.CPBS03, BLANK SPOT FOR START_OF_INJECTION_AXIS, 00060776, 2, 5, NONE
ConfigFile.CPCS01XA, REF. AXIS FOR RATIO OF CYL. PRESS. TO COMPRESSION PRESS. PER DEGREE TV, 000605B2, 13, 4, RPM
(null), , 000605B2, , , 
ConfigFile.CPCS02YA, DATA AXIS FOR COMPRESSION RATIO RAISED TO POWER OF A POLYTROPIC CONSTA, 000605F2, 2, 6, NONE
ConfigFile.CPCS02XA, REFERENCE AXIS FOR COMPRESSION RATIO RAISED TO POWER OF A POLYTROPIC C, 000605F2, 13, 4, RPM
CPCS02BS, ABS. BOOST REFERENCE AXIS FOR COMP. RATIO RAISE, 000605F2, 3, 4, PSIA
ConfigFile.CPCS03XA, REFERENCE AXIS FOR RATIO OF DEG. F TO DEG. TVC TABLE, 0006065C, 13, 4, RPM
(null), , 0006065C, , , 
ConfigFile.CPCYPR, CALCULATED CYLINDER PRESSURE, 0080AAA0, 2, 0, PSIA
ConfigFile.CPDCMN, MIN. DIFF. BETWEEN DESIRED CYLINDER PRESSURE AND CALCULATED CYLINDER P, 00807CFA, 2, 0, PSIA
ConfigFile.CPDSXA, ENGINE SPEED REFERENCE AXIS FOR DESIRED CYLINDER PRESSURE TABLE, 000606A4, 13, 4, RPM
CPDSYA, FUELING REFERENCE AXIS FOR DESIRED CYLINDER PRESSURE TABLE, 000606A4, 7, 4, MM3S
ConfigFile.CPDSZA, DATA AXIS FOR DESIRED CYLINDER PRESSURE TABLE, 000606A4, 2, 6, PSIA
ConfigFile.CPEPIMTP, EXPECTED INTAKE TEMPERATURE BASED ON MASS FUEL RATE CALCULATION, 0080AA9C, 2, 0, DEGF
ConfigFile.CPMNAP, MINIMUM VALUE OF ALPHA REQUIRED TO CALCULATE CYLINDER_MAINTENANCE_INCR, 00807D08, 2, 0, NONE
ConfigFile.CPMNES, MINIMUM ALLOWABLE ENGINE SPEED FOR THIS ALGORITHM TO OPERATE, 00807D0E, 2, 0, RPM
ConfigFile.CPMNFL, MINIMUM ALLOWABLE FUELING FOR THIS ALGORITHM TO OPERATE, 00807D10, 2, 0, MM3S
ConfigFile.CPMNRD, MINIMUM ALLOWED TIMING RETARD FOR THIS ALGORITHM, 00807D0C, 2, 0, DEG
ConfigFile.CPMNTAES, MINIMUM ALLOWED ENGINE SPEED FOR TIMING ADVANCE IN THIS ALGORITHM, 00807D0A, 2, 0, RPM
ConfigFile.CPMXES, MAXIMUM ALLOWABLE ENGINE SPEED FOR THIS ALGORITHM TO OPERATE, 00807D06, 2, 0, RPM
ConfigFile.CPMXFLMF, FUEL RATE AT MAXIMUM FUELING CONDITIONS, 00807D14, 2, 0, %FUR
ConfigFile.CPMXFLTP, INTAKE MANIFOLD TEMPERATURE AT MAXIMUM FUELING CONDITION, 00807CFC, 2, 0, DEGF
ConfigFile.CPMXIMTP, INTAKE MANIFOLD TEMPERATURE AT MOTORING CONDITIONS, 00807CFE, 2, 0, DEGF
ConfigFile.CPMXTAES, MAXIMUM ALLOWED ENGINE SPEED FOR TIMING ADVANCE IN THIS ALGORITHM, 00807D04, 2, 0, RPM
ConfigFile.CPTAIC, INCREMENT TIMING VALUE OUTPUT BY CYLINDER PRESSURE MAINTENANCE ALGORIT, 0080AA9E, 2, 0, DEG
ConfigFile.CPTPMNDC, MINIMUM DIFFERENCE EXPECTED AND MEASURED INTAKE TEMPERATURE, 00807D00, 2, 0, DEGF
ConfigFile.CRACELSW, SOFTWARE CRUISE ACCEL SWITCH USED IN CRUISE AND PTO STATUS CALCULATION, 0080BCD4, 1, 0, HEX
ConfigFile.CRACSWAC, RATE OF INCREMENT IN CRUISE CONTROL REFERENCE IF IN ACCEL, 00807C3E, 2, 0, MPHS
ConfigFile.CRADSZ, SIZE OF CC RSG ROAD SPEED ADJUSTABLE PARAMETERS, 01000558, 2, 0, NONE
ConfigFile.CRAGEN, BIT 6 OF 0-15.  STATUS INDICATOR WHICH ENABLES/DISABLES CRUISE CONTROL, 01000190, 2, 0, HEX
ConfigFile.CRALDP, STATUS OF CRUISE DROOP STATE MACHINE, 0080AA38, 2, 0, T/F
ConfigFile.CRARFG, CRUISE CONTROL AUTO RESUME FLAG (INACTIVE/ACTIVE/PRE_ACTIVE/RESUME/AFT, 0080AA2E, 2, 0, 
ConfigFile.CRBDWDMX, MAXMIMUM WIDTH OF THE BOTTOM DROOP IN CRUISE., 00060080, 2, 0, MPH
ConfigFile.CRBODJCL, SLOPE OF THE BOTTOM DROOP LINE CALCULATED IN CC/RSG DROOP, 0080AA3E, 2, 0, M/F
ConfigFile.CRBODO, CRUISE BOTTOM DROOP OFFSET PASSED TO THE DESIRED_CC FUELING PROCEDURE., 0080AA3C, 2, 0, %FU
ConfigFile.CRBODPOF, CRUISE/RSG BOTTOM DROOP OFFSET., 00807C62, 2, 0, %FU
ConfigFile.CRBODPWD, BOTTOM DROOP WIDTH FOR CRUISE CONTROL., 01000544, 2, 0, MPH
ConfigFile.CRCM, CRUISE COMMAND MODE (OFF/SET/RESUME/COAST/ACCEL/BUMP DOWN/BUMP UP/HOLD, 0080AA30, 2, 0, 
ConfigFile.CRCNDTRF, ADJUSTMENT IN CRUISE REFERENCE THAT IS TO BE MADE IF FOR A BUMP DOWN, 00807C40, 2, 0, MPH
ConfigFile.CRCNICRF, ADJUSTMENT IN CRUISE REFERENCE THAT IS TO BE MADE IF FOR A BUMP UP, 00807C42, 2, 0, MPH
ConfigFile.CRCOACTM, AMOUNT OF TIME BUMP MUST BE HELD BEFORE TRANSITIONING TO COAST/ACCEL, 00807286, 2, 0, SEC
ConfigFile.CRCOASSW, SOFTWARE CRUISE COAST SWITCH USED IN CRUISE AND PTO STATUS CALCULATION, 0080BCD4, 1, 0, HEX
ConfigFile.CRCOSWAC, RATE IN DECREMENT IN CRUISE CONTROL REFERENCE IF CRUISE IS IN COAST, 00807C44, 2, 0, MPHS
ConfigFile.CRDLFLC1, 2ND ORDER DRIVELINE FILTER IN CC/RSG GOV., COEFFICIENT 1, 00807CB2, 2, 0, NONE
ConfigFile.CRDLFLC3, 2ND ORDER DRIVELINE FILTER IN CC/RSG GOV., COEFFICIENT 3, 00807CB4, 2, 0, NONE
ConfigFile.CRDPAJRF, 1=ROAD_SPEED, 0=PREDICTED_VEHICLE_SPEED USED IN FEEDBACK LOOP, 0100055C, 2, 0, 1=VS
ConfigFile.CRDPEN, BIT 10 OF 0-15.  BIT 10 IS CRUISE_RSG_DROOP_ENABLE, 01000190, 2, 0, HEX
ConfigFile.CRDPFLTC, TIME CONSTANT OF FUELING FILTER USED IN CC/RSG DROOP CALCULATION, 00807C70, 2, 0, NONE
ConfigFile.CRDPMN, MIN LIMIT ON THE OUTPUT OF THE DIFFERENTIAL PATH IN THE CC/RSG GOV., 00807CB0, 2, 0, RPMS
ConfigFile.CRDPMX, MAX LIMIT ON THE OUTPUT OFF THE DIFFERENTIAL PATH IN THE CC/RSG GOV., 00807CAE, 2, 0, RPMS
ConfigFile.CRDVFLC1, 2ND ORDER DERIVATIVE FILTER IN CC/RSG GOV., COEFFICIENT 1, 00807CAA, 2, 0, NONE
ConfigFile.CRDVFLC3, 2ND ORDER DERIVATIVE FILTER IN CC/RSG GOV., COEFFICIENT 3, 00807CAC, 2, 0, NONE
ConfigFile.CRDVGNC2, DERIVATIVE GAIN FOR CRUISE/RSG DURING LARGE TRACKING ERROR, 00807C80, 2, 0, FS/R
ConfigFile.CRDVGNCN, THE DERIVATIVE GAIN OF THE CRUISE / RSG CALIBRATION., 00807C6C, 2, 0, FS/R
ConfigFile.CREBEN, TRIM PARAMETER ENABLES/DISABLES CC/EBRAKE BIT 15 OF 0-15, 01000196, 2, 0, HEX
ConfigFile.CREBSS, CRUISE CONTROL EBRAKE STATUS (0=OFF, 1/2/3 = LEVELS OF ENGINE BRAKING), 0080AA2C, 2, 0, 
ConfigFile.CRERDC, AMOUNT THE CRUISE/RSG MPH ERROR SIGNAL IS MODIFIED TO FORM THE DROOP C, 0080AA44, 2, 0, MPH
ConfigFile.CRERDP, CRUISE RSG ERROR AFTER DROOP, 0080AA6C, 2, 0, MPH
ConfigFile.CRERESGN, GAIN USED BY CC/RSG TO ADJUST DROOP ERROR BASED AXLE RATIO, TIRE SIZE,, 01000556, 2, 0, 
ConfigFile.CRERGNUL, TOOL MAXIMUM ACCEPTABLE CRUISE_RSG_GAIN VALUE, 00807CC4, 2, 0, 
ConfigFile.CRETRS, FLAG INDICATING CC/RSG SHALL PERFORM A RESET, 0080AA6E, 2, 0, FLG
ConfigFile.CREVBU, FLAG INDICATING CRUISE GOVERNOR SHALL PERFORM A BUMPLESS GAIN/DROOP TR, 0080AA40, 2, 0, FLG
ConfigFile.CRFLOFPZ, ADJUSTMENT TO RSG INTEGRATOR PRESET FUEL CALCULATION, 00807CC6, 2, 0, %FU
ConfigFile.CRGDADSZ, ADJUSTABLE PARAMETER TABLE SIZE FOR CC/RS GAIN DROOPS, 01000542, 2, 0, HEX
ConfigFile.CRGNADYA, Y-AXIS OF TABLE USED BY CC/RSG TO ADJUST ERROR BASED ON FILTERED GEAR, 00807C98, 2, 5, 
ConfigFile.CRGNADXA, X-AXIS OF TABLE USED BY CC/RSG TO ADJUST ERROR BASED ON FILTERED GEAR, 00807C98, 6, 4, 
(null), , 00807C98, , , 
ConfigFile.CRGNSC, CRUISE CONTROL LOOP GAIN MULTIPLIER, 00807CBA, 2, 0, 
ConfigFile.CRGNVSHY, HYSTERESIS APPLIED TO CRGNVSTD IN CRUISE/RSG GAIN SET SWITCHING LOGIC, 00807C7A, 2, 0, MPH
