SystemType,EFCode,Language,HelpFile
29,149,"EN","FIS2883472.chm"
30,30,"EN","FIS4021661.chm"
51,51,"EN","FIS4021665.chm"
1000,76,"EN","FIS3666118.chm"
1000,76,"ZH","FIS3666526.chm"
1050,85,"EN","FIS4021317.chm"
1050,85,"FR","FIS3667168.chm"
1050,85,"TR","FIS4960831.chm"
1050,85,"ZH","FIS3667146.chm"
1100,76,"EN","FIS3666118.chm"
1100,76,"ZH","FIS3666526.chm"
1200,83,"EN","FIS3666084.chm"
1210,83,"EN","FIS3666084.chm"
1220,83,"EN","FIS3666084.chm"
1250,79,"EN","FIS3666130.chm"
1250,79,"ES","FIS3150825.chm"
1250,79,"FR","FIS3666931.chm"
1300,80,"EN","FIS3666194.chm"
1300,80,"ES","FIS3150884.chm"
1300,80,"KO","FIS4960463.chm"
1300,80,"ZH","FIS4960485.chm"
1325,80,"EN","FIS3666194.chm"
1325,80,"ES","FIS3150884.chm"
1325,80,"KO","FIS4960463.chm"
1325,80,"ZH","FIS4960485.chm"
1375,6,"DE","FIS4915984.chm"
1375,6,"EN","FIS4021416.chm"
1375,6,"ES","FIS4018058.chm"
1375,6,"FR","FIS3667172.chm"
1375,6,"IT","FIS4915985.chm"
1375,6,"JA","FIS4960378.chm"
1375,6,"KO","FIS4960467.chm"
1375,6,"PT","FIS3653269.chm"
1375,6,"RU","FIS4960574.chm"
1375,6,"TR","FIS4915923.chm"
1375,6,"ZH","FIS3667186.chm"
1385,6,"DE","FIS4915984.chm"
1385,6,"EN","FIS4021416.chm"
1385,6,"ES","FIS4018058.chm"
1385,6,"FR","FIS3667172.chm"
1385,6,"IT","FIS4915985.chm"
1385,6,"JA","FIS4960378.chm"
1385,6,"KO","FIS4960467.chm"
1385,6,"PT","FIS3653269.chm"
1385,6,"RU","FIS4960574.chm"
1385,6,"TR","FIS4915923.chm"
1385,6,"ZH","FIS3667186.chm"
1395,6,"DE","FIS4915984.chm"
1395,6,"EN","FIS4021416.chm"
1395,6,"ES","FIS4018058.chm"
1395,6,"FR","FIS3667172.chm"
1395,6,"IT","FIS4915985.chm"
1395,6,"JA","FIS4960378.chm"
1395,6,"KO","FIS4960467.chm"
1395,6,"PT","FIS3653269.chm"
1395,6,"RU","FIS4960574.chm"
1395,6,"TR","FIS4915923.chm"
1395,6,"ZH","FIS3667186.chm"
1400,80,"EN","FIS3666288.chm"
1400,80,"ES","FIS3150884.chm"
1400,80,"KO","FIS4960463.chm"
1400,80,"ZH","FIS4960485.chm"
1450,86,"EN","FIS3666477.chm"
1450,86,"ES","FIS4017893.chm"
1450,86,"PT","FIS3653240.chm"
1450,86,"RU","FIS4960589.chm"
1450,86,"TR","FIS4915921.chm"
1450,86,"ZH","FIS4960486.chm"
1500,6,"DE","FIS4915984.chm"
1500,6,"EN","FIS4021416.chm"
1500,6,"ES","FIS4018058.chm"
1500,6,"FR","FIS3667172.chm"
1500,6,"IT","FIS4915985.chm"
1500,6,"JA","FIS4960378.chm"
1500,6,"KO","FIS4960467.chm"
1500,6,"PT","FIS3653269.chm"
1500,6,"RU","FIS4960574.chm"
1500,6,"TR","FIS4915923.chm"
1500,6,"ZH","FIS3667186.chm"
1550,71,"EN","FIS3666271.chm"
1550,71,"ES","FIS4017798.chm"
1550,71,"KO","FIS4960466.chm"
1550,71,"TR","FIS4915922.chm"
1550,71,"ZH","FIS3667034.chm"
1600,6,"DE","FIS4915984.chm"
1600,6,"EN","FIS4021416.chm"
1600,6,"ES","FIS4018058.chm"
1600,6,"FR","FIS3667172.chm"
1600,6,"IT","FIS4915985.chm"
1600,6,"JA","FIS4960378.chm"
1600,6,"KO","FIS4960467.chm"
1600,6,"PT","FIS3653269.chm"
1600,6,"RU","FIS4960574.chm"
1600,6,"TR","FIS4915923.chm"
1600,6,"ZH","FIS3667186.chm"
1625,6,"DE","FIS4915984.chm"
1625,6,"EN","FIS4021416.chm"
1625,6,"ES","FIS4018058.chm"
1625,6,"FR","FIS3667172.chm"
1625,6,"IT","FIS4915985.chm"
1625,6,"JA","FIS4960378.chm"
1625,6,"KO","FIS4960467.chm"
1625,6,"PT","FIS3653269.chm"
1625,6,"RU","FIS4960574.chm"
1625,6,"TR","FIS4915923.chm"
1625,6,"ZH","FIS3667186.chm"
1635,8,"EN","FIS4021570.chm"
1635,8,"ES","FIS4018262.chm"
1635,8,"FR","FIS4960394.chm"
1635,8,"RU","FIS4960573.chm"
1635,8,"ZH","FIS4960367.chm"
1640,120,"DE","FIS4960987.chm"
1640,120,"EN","FIS4021677.chm"
1640,120,"ES","FIS4960747.chm"
1640,120,"FR","FIS4960729.chm"
1640,120,"IT","FIS4960988.chm"
1640,120,"KO","FIS4961012.chm"
1640,120,"NL","FIS4960990.chm"
1640,120,"PT","FIS3653374.chm"
1640,120,"RU","FIS4960723.chm"
1640,120,"TR","FIS4960735.chm"
1640,120,"ZH","FIS4960564.chm"
1645,8,"EN","FIS4021570.chm"
1645,8,"ES","FIS4018262.chm"
1645,8,"FR","FIS4960394.chm"
1645,8,"RU","FIS4960573.chm"
1645,8,"ZH","FIS4960367.chm"
1646,52,"DE","FIS4322395.chm"
1646,52,"EN","FIS4021658.chm"
1646,52,"PT","FIS3653539.chm"
1650,82,"EN","FIS3666266.chm"
1650,82,"ES","FIS3150948.chm"
1650,82,"FR","FIS4312416.chm"
1650,82,"JA","FIS4960384.chm"
1650,82,"KO","FIS4960465.chm"
1650,82,"TR","FIS4960304.chm"
1650,82,"ZH","FIS3666591.chm"
1655,13,"DE","FIS4960412.chm"
1655,13,"EN","FIS4021493.chm"
1655,13,"ES","FIS4018219.chm"
1655,13,"FR","FIS4961028.chm"
1655,13,"IT","FIS4960561.chm"
1655,13,"JA","FIS4960390.chm"
1655,13,"KO","FIS4960467.chm"
1655,13,"PT","FIS3653274.chm"
1655,13,"RU","FIS4960311.chm"
1655,13,"TR","FIS4915923.chm"
1655,13,"ZH","FIS4960448.chm"
1665,13,"DE","FIS4960412.chm"
1665,13,"EN","FIS4021493.chm"
1665,13,"ES","FIS4018219.chm"
1665,13,"FR","FIS4961028.chm"
1665,13,"JA","FIS4960390.chm"
1665,13,"PT","FIS3653274.chm"
1665,13,"RU","FIS4960311.chm"
1665,13,"ZH","FIS4960448.chm"
1666,13,"DE","FIS4960412.chm"
1666,13,"EN","FIS4021493.chm"
1666,13,"ES","FIS4018219.chm"
1666,13,"FR","FIS4961028.chm"
1666,13,"JA","FIS4960390.chm"
1666,13,"PT","FIS3653274.chm"
1666,13,"RU","FIS4960311.chm"
1666,13,"ZH","FIS4960448.chm"
1670,6,"DE","FIS4915984.chm"
1670,6,"EN","FIS4021416.chm"
1670,6,"ES","FIS4018058.chm"
1670,6,"FR","FIS3667172.chm"
1670,6,"IT","FIS4915985.chm"
1670,6,"JA","FIS4960378.chm"
1670,6,"KO","FIS4960467.chm"
1670,6,"PT","FIS3653269.chm"
1670,6,"RU","FIS4960574.chm"
1670,6,"TR","FIS4915923.chm"
1670,6,"ZH","FIS3667186.chm"
1675,8,"EN","FIS4021570.chm"
1675,8,"ES","FIS4018262.chm"
1675,8,"RU","FIS4960573.chm"
1675,8,"ZH","FIS4960367.chm"
1685,8,"EN","FIS4021570.chm"
1685,8,"ES","FIS4018262.chm"
1685,8,"RU","FIS4960573.chm"
1685,8,"ZH","FIS4960367.chm"
1700,88,"EN","FIS4021381.chm"
1700,88,"ES","FIS4017992.chm"
1700,88,"FR","FIS3667171.chm"
1700,88,"PT","FIS3653285.chm"
1725,88,"EN","FIS4021381.chm"
1725,88,"ES","FIS4017992.chm"
1725,88,"FR","FIS3667171.chm"
1725,88,"PT","FIS3653285.chm"
1735,16,"EN","FIS4021560.chm"
1735,16,"ES","FIS4018261.chm"
1735,16,"FR","FIS4960393.chm"
1735,16,"KO","FIS4960527.chm"
1775,8,"EN","FIS4021570.chm"
1775,8,"ES","FIS4018262.chm"
1775,8,"FR","FIS4960394.chm"
1775,8,"RU","FIS4960573.chm"
1775,8,"ZH","FIS4960367.chm"
1800,12,"EN","FIS4021477.chm"
1800,12,"ES","FIS4018099.chm"
1800,12,"PT","FIS3653285.chm"
1840,85,"EN","FIS4021317.chm"
1840,85,"FR","FIS3667168.chm"
1840,85,"TR","FIS4960831.chm"
1840,85,"ZH","FIS3667146.chm"
1850,72,"EN","FIS3666259.chm"
1850,72,"ES","FIS3150987.chm"
1850,72,"JA","FIS4960387.chm"
1850,72,"KO","FIS4960464.chm"
1850,72,"RU","FIS4960595.chm"
1850,72,"ZH","FIS3666540.chm"
1900,70,"EN","FIS4021334.chm"
1900,70,"ES","FIS4017991.chm"
1900,70,"FR","FIS3667169.chm"
1925,70,"EN","FIS4021334.chm"
1925,70,"ES","FIS4017991.chm"
1925,70,"FR","FIS3667169.chm"
1935,16,"EN","FIS4021560.chm"
1935,16,"ES","FIS4018261.chm"
1935,16,"FR","FIS4960393.chm"
1935,16,"KO","FIS4960527.chm"
5000,7,"EN","FIS4021442.chm"
5050,79,"EN","FIS3666130.chm"
5050,79,"FR","FIS3666931.chm"
5100,99,"EN","FIS3666231.chm"
5150,98,"EN","FIS3666070.chm"
5150,98,"ZH","FIS4960473.chm"
5200,605,"EN","PIM605Faults.chm"
5250,612,"EN","PIM612Faults.chm"
5300,80,"EN","FIS3666194.chm"
5300,80,"ES","FIS3150884.chm"
5300,80,"KO","FIS4960463.chm"
5300,80,"ZH","FIS4960485.chm"
5310,6,"DE","FIS4915984.chm"
5310,6,"EN","FIS4021416.chm"
5310,6,"ES","FIS4018058.chm"
5310,6,"FR","FIS3667172.chm"
5310,6,"IT","FIS4915985.chm"
5310,6,"JA","FIS4960378.chm"
5310,6,"KO","FIS4960467.chm"
5310,6,"PT","FIS3653269.chm"
5310,6,"RU","FIS4960574.chm"
5310,6,"TR","FIS4915923.chm"
5310,6,"ZH","FIS3667186.chm"
5350,71,"EN","FIS3666271.chm"
5350,71,"ES","FIS4017798.chm"
5350,71,"KO","FIS4960466.chm"
5350,71,"TR","FIS4915922.chm"
5350,71,"ZH","FIS3667034.chm"
5360,6,"DE","FIS4915984.chm"
5360,6,"EN","FIS4021416.chm"
5360,6,"ES","FIS4018058.chm"
5360,6,"FR","FIS3667172.chm"
5360,6,"IT","FIS4915985.chm"
5360,6,"JA","FIS4960378.chm"
5360,6,"KO","FIS4960467.chm"
5360,6,"PT","FIS3653269.chm"
5360,6,"RU","FIS4960574.chm"
5360,6,"TR","FIS4915923.chm"
5360,6,"ZH","FIS3667186.chm"
5400,19,"EN","FIS3666113.chm"
5400,19,"ES","FIS4018013.chm"
5400,19,"FR","FIS3666763.chm"
5400,19,"PT","FIS3653286.chm"
5400,19,"RU","FIS4960596.chm"
5400,19,"ZH","FIS3666339.chm"
5425,19,"EN","FIS3666113.chm"
5425,19,"FR","FIS3666763.chm"
5425,19,"PT","FIS3653286.chm"
5425,19,"ZH","FIS3666339.chm"
5450,19,"EN","FIS3666113.chm"
5450,19,"FR","FIS3666763.chm"
5450,19,"PT","FIS3653286.chm"
5450,19,"ZH","FIS3666339.chm"
5460,5,"EN","FIS4021533.chm"
5460,5,"PT","FIS3653344.chm"
5460,5,"ZH","FIS4960517.chm"
5461,5,"EN","FIS4021533.chm"
5461,5,"PT","FIS3653344.chm"
5461,5,"ZH","FIS4960517.chm"
5462,5,"EN","FIS4021533.chm"
5462,5,"PT","FIS3653344.chm"
5462,5,"ZH","FIS4960517.chm"
5463,5,"EN","FIS4021533.chm"
5463,5,"PT","FIS3653344.chm"
5463,5,"ZH","FIS4960517.chm"
5470,13,"DE","FIS4960412.chm"
5470,13,"EN","FIS4021493.chm"
5470,13,"ES","FIS4018219.chm"
5470,13,"FR","FIS4961028.chm"
5470,13,"IT","FIS4960561.chm"
5470,13,"JA","FIS4960390.chm"
5470,13,"PT","FIS3653274.chm"
5470,13,"RU","FIS4960311.chm"
5470,13,"ZH","FIS4960448.chm"
5480,5,"EN","FIS4021533.chm"
5480,5,"PT","FIS3653344.chm"
5480,5,"ZH","FIS4960517.chm"
5481,5,"EN","FIS4021533.chm"
5481,5,"PT","FIS3653344.chm"
5481,5,"ZH","FIS4960517.chm"
5482,5,"EN","FIS4021533.chm"
5482,5,"PT","FIS3653344.chm"
5482,5,"ZH","FIS4960517.chm"
5490,5,"EN","FIS4021533.chm"
5490,5,"PT","FIS3653344.chm"
5490,5,"ZH","FIS4960517.chm"
5491,5,"EN","FIS4021533.chm"
5491,5,"PT","FIS3653344.chm"
5491,5,"ZH","FIS4960517.chm"
5492,5,"EN","FIS4021533.chm"
5492,5,"PT","FIS3653344.chm"
5492,5,"ZH","FIS4960517.chm"
5500,55,"EN","FIS4021315.chm"
5510,55,"EN","FIS4021315.chm"
5520,55,"EN","FIS4021315.chm"
5530,162,"EN","FIS2883554.chm"
5530,162,"ES","FIS4312413.chm"
5530,162,"FR","FIS4312412.chm"
5600,55,"EN","FIS4021315.chm"
5610,55,"EN","FIS4021315.chm"
5620,55,"EN","FIS4021315.chm"
5700,55,"EN","FIS4021315.chm"
5701,55,"EN","FIS4021315.chm"
5702,55,"EN","FIS4021315.chm"
5710,55,"EN","FIS4021315.chm"
5720,55,"EN","FIS4021315.chm"
5721,55,"EN","FIS4021315.chm"
5722,55,"EN","FIS4021315.chm"
5723,55,"EN","FIS4021315.chm"
5750,6,"DE","FIS4915984.chm"
5750,6,"EN","FIS4021416.chm"
5750,6,"ES","FIS4018058.chm"
5750,6,"FR","FIS3667172.chm"
5750,6,"IT","FIS4915985.chm"
5750,6,"JA","FIS4960378.chm"
5750,6,"KO","FIS4960467.chm"
5750,6,"PT","FIS3653269.chm"
5750,6,"RU","FIS4960574.chm"
5750,6,"TR","FIS4915923.chm"
5750,6,"ZH","FIS3667186.chm"
5800,82,"EN","FIS3666266.chm"
5800,82,"ES","FIS3150948.chm"
5800,82,"JA","FIS4960384.chm"
5800,82,"KO","FIS4960465.chm"
5800,82,"TR","FIS4960304.chm"
5800,82,"ZH","FIS3666591.chm"
5825,82,"EN","FIS3666266.chm"
5825,82,"FR","FIS4312416.chm"
5825,82,"JA","FIS4960384.chm"
5825,82,"KO","FIS4960465.chm"
5825,82,"TR","FIS4960304.chm"
5825,82,"ZH","FIS3666591.chm"
5850,87,"EN","FIS3666214.chm"
5850,87,"ES","FIS4018469.chm"
5850,87,"PT","FIS3653296.chm"
5900,87,"EN","FIS3666214.chm"
5900,87,"ES","FIS4018469.chm"
5900,87,"PT","FIS3653296.chm"
5901,87,"EN","FIS3666214.chm"
5901,87,"ES","FIS4018469.chm"
5901,87,"PT","FIS3653296.chm"
5950,72,"EN","FIS3666259.chm"
5950,72,"ES","FIS3150987.chm"
5950,72,"JA","FIS4960387.chm"
5950,72,"KO","FIS4960464.chm"
5950,72,"RU","FIS4960595.chm"
5950,72,"ZH","FIS3666540.chm"
6000,6,"DE","FIS4915984.chm"
6000,6,"EN","FIS4021416.chm"
6000,6,"ES","FIS4018058.chm"
6000,6,"FR","FIS3667172.chm"
6000,6,"IT","FIS4915985.chm"
6000,6,"JA","FIS4960378.chm"
6000,6,"KO","FIS4960467.chm"
6000,6,"PT","FIS3653269.chm"
6000,6,"RU","FIS4960574.chm"
6000,6,"TR","FIS4915923.chm"
6000,6,"ZH","FIS3667186.chm"
6100,6,"DE","FIS4915984.chm"
6100,6,"EN","FIS4021416.chm"
6100,6,"ES","FIS4018058.chm"
6100,6,"FR","FIS3667172.chm"
6100,6,"IT","FIS4915985.chm"
6100,6,"JA","FIS4960378.chm"
6100,6,"KO","FIS4960467.chm"
6100,6,"PT","FIS3653269.chm"
6100,6,"RU","FIS4960574.chm"
6100,6,"TR","FIS4915923.chm"
6100,6,"ZH","FIS3667186.chm"
6200,16,"EN","FIS4021560.chm"
6200,16,"ES","FIS4018261.chm"
6200,16,"FR","FIS4960393.chm"
6200,16,"KO","FIS4960527.chm"
6300,13,"DE","FIS4960412.chm"
6300,13,"EN","FIS4021493.chm"
6300,13,"ES","FIS4018219.chm"
6300,13,"FR","FIS4961028.chm"
6300,13,"IT","FIS4960561.chm"
6300,13,"JA","FIS4960390.chm"
6300,13,"PT","FIS3653274.chm"
6300,13,"RU","FIS4960311.chm"
6300,13,"ZH","FIS4960448.chm"
6500,8,"EN","FIS4021570.chm"
6500,8,"ES","FIS4018262.chm"
6500,8,"FR","FIS4960394.chm"
6500,8,"RU","FIS4960573.chm"
6500,8,"ZH","FIS4960367.chm"
6555,60,"EN","FIS4021674.chm"
6556,162,"EN","FIS2883554.chm"
6556,162,"ES","FIS4312413.chm"
6556,162,"FR","FIS4312412.chm"
6557,123,"EN","FIS4022094.chm"
6558,13,"DE","FIS4960412.chm"
6558,13,"EN","FIS4021493.chm"
6558,13,"ES","FIS4018219.chm"
6558,13,"FR","FIS4961028.chm"
6558,13,"IT","FIS4960561.chm"
6558,13,"JA","FIS4960390.chm"
6558,13,"PT","FIS3653274.chm"
6558,13,"RU","FIS4960311.chm"
6558,13,"ZH","FIS4960448.chm"
6559,122,"EN","FIS4022102.chm"
6573,120,"DE","FIS4960987.chm"
6573,120,"EN","FIS4021677.chm"
6573,120,"ES","FIS4960747.chm"
6573,120,"FR","FIS4960729.chm"
6573,120,"IT","FIS4960988.chm"
6573,120,"KO","FIS4961012.chm"
6573,120,"NL","FIS4960990.chm"
6573,120,"PT","FIS3653374.chm"
6573,120,"RU","FIS4960723.chm"
6573,120,"TR","FIS4960735.chm"
6573,120,"ZH","FIS4960564.chm"
6574,120,"DE","FIS4960987.chm"
6574,120,"EN","FIS4021677.chm"
6574,120,"ES","FIS4960747.chm"
6574,120,"FR","FIS4960729.chm"
6574,120,"IT","FIS4960988.chm"
6574,120,"KO","FIS4961012.chm"
6574,120,"NL","FIS4960990.chm"
6574,120,"PT","FIS3653374.chm"
6574,120,"RU","FIS4960723.chm"
6574,120,"TR","FIS4960735.chm"
6574,120,"ZH","FIS4960564.chm"
6575,120,"DE","FIS4960987.chm"
6575,120,"EN","FIS4021677.chm"
6575,120,"ES","FIS4960747.chm"
6575,120,"FR","FIS4960729.chm"
6575,120,"IT","FIS4960988.chm"
6575,120,"KO","FIS4961012.chm"
6575,120,"NL","FIS4960990.chm"
6575,120,"PT","FIS3653374.chm"
6575,120,"RU","FIS4960723.chm"
6575,120,"TR","FIS4960735.chm"
6575,120,"ZH","FIS4960564.chm"
6576,120,"DE","FIS4960987.chm"
6576,120,"EN","FIS4021677.chm"
6576,120,"ES","FIS4960747.chm"
6576,120,"FR","FIS4960729.chm"
6576,120,"IT","FIS4960988.chm"
6576,120,"KO","FIS4961012.chm"
6576,120,"NL","FIS4960990.chm"
6576,120,"PT","FIS3653374.chm"
6576,120,"RU","FIS4960723.chm"
6576,120,"TR","FIS4960735.chm"
6576,120,"ZH","FIS4960564.chm"
6660,122,"EN","FIS4022102.chm"
6661,5,"EN","FIS4021533.chm"
6661,5,"PT","FIS3653344.chm"
6661,5,"ZH","FIS4960517.chm"
6662,5,"EN","FIS4021533.chm"
6662,5,"PT","FIS3653344.chm"
6662,5,"ZH","FIS4960517.chm"
6663,122,"EN","FIS4022102.chm"
6664,122,"EN","FIS4022102.chm"
6665,122,"EN","FIS4022102.chm"
6666,5,"EN","FIS4021533.chm"
6666,5,"PT","FIS3653344.chm"
6666,5,"ZH","FIS4960517.chm"
6667,5,"EN","FIS4021533.chm"
6667,5,"PT","FIS3653344.chm"
6667,5,"ZH","FIS4960517.chm"
6668,5,"EN","FIS4021533.chm"
6668,5,"PT","FIS3653344.chm"
6668,5,"ZH","FIS4960517.chm"
7001,120,"DE","FIS4960987.chm"
7001,120,"EN","FIS4021677.chm"
7001,120,"ES","FIS4960747.chm"
7001,120,"FR","FIS4960729.chm"
7001,120,"IT","FIS4960988.chm"
7001,120,"KO","FIS4961012.chm"
7001,120,"NL","FIS4960990.chm"
7001,120,"PT","FIS3653374.chm"
7001,120,"RU","FIS4960723.chm"
7001,120,"TR","FIS4960735.chm"
7001,120,"ZH","FIS4960564.chm"
7002,120,"DE","FIS4960987.chm"
7002,120,"EN","FIS4021677.chm"
7002,120,"ES","FIS4960747.chm"
7002,120,"FR","FIS4960729.chm"
7002,120,"IT","FIS4960988.chm"
7002,120,"KO","FIS4961012.chm"
7002,120,"NL","FIS4960990.chm"
7002,120,"PT","FIS3653374.chm"
7002,120,"RU","FIS4960723.chm"
7002,120,"TR","FIS4960735.chm"
7002,120,"ZH","FIS4960564.chm"
7010,145,"DE","FIS4961233.chm"
7010,145,"EN","FIS4022225.chm"
7010,145,"ES","FIS4961232.chm"
7010,145,"FR","FIS4961207.chm"
7020,145,"DE","FIS4961233.chm"
7020,145,"EN","FIS4022225.chm"
7020,145,"ES","FIS4961232.chm"
7020,145,"FR","FIS4961207.chm"
7030,145,"DE","FIS4961233.chm"
7030,145,"EN","FIS4022225.chm"
7030,145,"ES","FIS4961232.chm"
7030,145,"FR","FIS4961207.chm"
7040,168,"DE","FIS4312428.chm"
7040,168,"EN","FIS2883620.chm"
7040,168,"ES","FIS4299179.chm"
7040,168,"FR","FIS4312432.chm"
7040,168,"IT","FIS4312417.chm"
7040,168,"NL","FIS4312421.chm"
7050,152,"DE","FIS2899385.chm"
7050,152,"EN","FIS2883477.chm"
7050,152,"ES","FIS2899386.chm"
7050,152,"FR","FIS2899384.chm"
7050,152,"IT","FIS2899380.chm"
7050,152,"NL","FIS4312441.chm"
7060,152,"DE","FIS2899385.chm"
7060,152,"EN","FIS2883477.chm"
7060,152,"ES","FIS2899386.chm"
7060,152,"FR","FIS2899384.chm"
7060,152,"IT","FIS2899380.chm"
7060,152,"NL","FIS4312441.chm"
7070,145,"DE","FIS4961233.chm"
7070,145,"EN","FIS4022225.chm"
7070,145,"ES","FIS4961232.chm"
7070,145,"FR","FIS4961207.chm"
7080,120,"DE","FIS4960987.chm"
7080,120,"EN","FIS4021677.chm"
7080,120,"ES","FIS4960747.chm"
7080,120,"FR","FIS4960729.chm"
7080,120,"IT","FIS4960988.chm"
7080,120,"KO","FIS4961012.chm"
7080,120,"NL","FIS4960990.chm"
7080,120,"PT","FIS3653374.chm"
7080,120,"RU","FIS4960723.chm"
7080,120,"TR","FIS4960735.chm"
7080,120,"ZH","FIS4960564.chm"
7090,120,"DE","FIS4960987.chm"
7090,120,"EN","FIS4021677.chm"
7090,120,"ES","FIS4960747.chm"
7090,120,"FR","FIS4960729.chm"
7090,120,"IT","FIS4960988.chm"
7090,120,"KO","FIS4961012.chm"
7090,120,"NL","FIS4960990.chm"
7090,120,"PT","FIS3653374.chm"
7090,120,"RU","FIS4960723.chm"
7090,120,"TR","FIS4960735.chm"
7090,120,"ZH","FIS4960564.chm"
7110,120,"DE","FIS4960987.chm"
7110,120,"EN","FIS4021677.chm"
7110,120,"ES","FIS4960747.chm"
7110,120,"FR","FIS4960729.chm"
7110,120,"IT","FIS4960988.chm"
7110,120,"KO","FIS4961012.chm"
7110,120,"NL","FIS4960990.chm"
7110,120,"PT","FIS3653374.chm"
7110,120,"RU","FIS4960723.chm"
7110,120,"TR","FIS4960735.chm"
7110,120,"ZH","FIS4960564.chm"
7120,144,"DE","FIS4322394.chm"
7120,144,"EN","FIS2883376.chm"
7120,144,"FR","FIS4322386.chm"
7120,144,"IT","FIS4322390.chm"
7130,8,"EN","FIS4021570.chm"
7130,8,"ES","FIS4018262.chm"
7130,8,"FR","FIS4960394.chm"
7130,8,"RU","FIS4960573.chm"
7130,8,"ZH","FIS4960367.chm"
7140,30,"EN","FIS4021661.chm"
7145,30,"EN","FIS4021661.chm"
7210,145,"DE","FIS4961233.chm"
7210,145,"EN","FIS4022225.chm"
7210,145,"ES","FIS4961232.chm"
7210,145,"FR","FIS4961207.chm"
7211,145,"DE","FIS4961233.chm"
7211,145,"EN","FIS4022225.chm"
7211,145,"ES","FIS4961232.chm"
7211,145,"FR","FIS4961207.chm"
7212,145,"EN","FIS4022225.chm"
7212,145,"ES","FIS4961232.chm"
7212,145,"FR","FIS4961207.chm"
7213,145,"DE","FIS4961233.chm"
7213,145,"EN","FIS4022225.chm"
7213,145,"ES","FIS4961232.chm"
7213,145,"FR","FIS4961207.chm"
7214,145,"DE","FIS4961233.chm"
7214,145,"EN","FIS4022225.chm"
7214,145,"ES","FIS4961232.chm"
7214,145,"FR","FIS4961207.chm"
7215,8,"DE","FIS4961233.chm"
7215,8,"EN","FIS4021570.chm"
7215,8,"ES","FIS4018262.chm"
7215,8,"FR","FIS4960394.chm"
7215,8,"ZH","FIS4960367.chm"
7220,120,"DE","FIS4960987.chm"
7220,120,"EN","FIS4021677.chm"
7220,120,"ES","FIS4960747.chm"
7220,120,"FR","FIS4960729.chm"
7220,120,"IT","FIS4960988.chm"
7220,120,"KO","FIS4961012.chm"
7220,120,"NL","FIS4960990.chm"
7220,120,"PT","FIS3653374.chm"
7220,120,"RU","FIS4960723.chm"
7220,120,"TR","FIS4960735.chm"
7220,120,"ZH","FIS4960564.chm"
7230,52,"DE","FIS4322395.chm"
7230,52,"EN","FIS4021658.chm"
7230,52,"PT","FIS3653539.chm"
7240,16,"EN","FIS4021560.chm"
7250,157,"EN","FIS2883517.chm"
7260,170,"DE","FIS4312462.chm"
7260,170,"EN","FIS2883641.chm"
7260,170,"ES","FIS4299183.chm"
7260,170,"FR","FIS4312458.chm"
7260,170,"IT","FIS4312466.chm"
7270,169,"DE","FIS4312446.chm"
7270,169,"EN","FIS4310594.chm"
7270,169,"ES","FIS4299187.chm"
7270,169,"FR","FIS4312454.chm"
7270,169,"IT","FIS4312450.chm"
7280,152,"DE","FIS2899385.chm"
7280,152,"EN","FIS2883477.chm"
7280,152,"ES","FIS2899386.chm"
7280,152,"FR","FIS2899384.chm"
7280,152,"IT","FIS2899380.chm"
7280,152,"NL","FIS4312441.chm"
7290,152,"DE","FIS2899385.chm"
7290,152,"EN","FIS2883477.chm"
7290,152,"ES","FIS2899386.chm"
7290,152,"FR","FIS2899384.chm"
7290,152,"IT","FIS2899380.chm"
7290,152,"NL","FIS4312441.chm"
7300,165,"DE","FIS4322396.chm "
7300,165,"EN","FIS4310592.chm "
7300,165,"FR","FIS4322388.chm "
7300,165,"IT","FIS4322392.chm "
7301,166,"DE","FIS4322397.chm"
7301,166,"EN","FIS4310593.chm"
7301,166,"FR","FIS4322389.chm"
7301,166,"IT","FIS4322393.chm"
7310,145,"DE","FIS4961233.chm"
7310,145,"EN","FIS4022225.chm"
7310,145,"ES","FIS4961232.chm"
7310,145,"FR","FIS4961207.chm"
7320,120,"DE","FIS4960987.chm"
7320,120,"EN","FIS4021677.chm"
7320,120,"ES","FIS4960747.chm"
7320,120,"FR","FIS4960729.chm"
7320,120,"IT","FIS4960988.chm"
7320,120,"KO","FIS4961012.chm"
7320,120,"NL","FIS4960990.chm"
7320,120,"PT","FIS3653374.chm"
7320,120,"RU","FIS4960723.chm"
7320,120,"TR","FIS4960735.chm"
7320,120,"ZH","FIS4960564.chm"
7330,152,"DE","FIS2899385.chm"
7330,152,"EN","FIS2883477.chm"
7330,152,"ES","FIS2899386.chm"
7330,152,"FR","FIS2899384.chm"
7330,152,"IT","FIS2899380.chm"
7330,152,"NL","FIS4312441.chm"
7340,120,"DE","FIS4960987.chm"
7340,120,"EN","FIS4021677.chm"
7340,120,"ES","FIS4960747.chm"
7340,120,"FR","FIS4960729.chm"
7340,120,"IT","FIS4960988.chm"
7340,120,"KO","FIS4961012.chm"
7340,120,"NL","FIS4960990.chm"
7340,120,"PT","FIS3653374.chm"
7340,120,"RU","FIS4960723.chm"
7340,120,"TR","FIS4960735.chm"
7340,120,"ZH","FIS4960564.chm"
7350,145,"DE","FIS4961233.chm"
7350,145,"EN","FIS4022225.chm"
7350,145,"ES","FIS4961232.chm"
7350,145,"FR","FIS4961207.chm"
7360,120,"DE","FIS4960987.chm"
7360,120,"EN","FIS4021677.chm"
7360,120,"ES","FIS4960747.chm"
7360,120,"FR","FIS4960729.chm"
7360,120,"IT","FIS4960988.chm"
7360,120,"KO","FIS4961012.chm"
7360,120,"NL","FIS4960990.chm"
7360,120,"PT","FIS3653374.chm"
7360,120,"RU","FIS4960723.chm"
7360,120,"TR","FIS4960735.chm"
7360,120,"ZH","FIS4960564.chm"
7370,120,"DE","FIS4960987.chm"
7370,120,"EN","FIS4021677.chm"
7370,120,"ES","FIS4960747.chm"
7370,120,"FR","FIS4960729.chm"
7370,120,"IT","FIS4960988.chm"
7370,120,"KO","FIS4961012.chm"
7370,120,"NL","FIS4960990.chm"
7370,120,"PT","FIS3653374.chm"
7370,120,"RU","FIS4960723.chm"
7370,120,"TR","FIS4960735.chm"
7370,120,"ZH","FIS4960564.chm"
7380,120,"DE","FIS4960987.chm"
7380,120,"EN","FIS4021677.chm"
7380,120,"ES","FIS4960747.chm"
7380,120,"FR","FIS4960729.chm"
7380,120,"IT","FIS4960988.chm"
7380,120,"KO","FIS4961012.chm"
7380,120,"NL","FIS4960990.chm"
7380,120,"PT","FIS3653374.chm"
7380,120,"RU","FIS4960723.chm"
7380,120,"TR","FIS4960735.chm"
7380,120,"ZH","FIS4960564.chm"
7390,8,"EN","FIS4021570.chm"
7390,8,"ES","FIS4018262.chm"
7390,8,"FR","FIS4960394.chm"
7390,8,"RU","FIS4960573.chm"
7390,8,"ZH","FIS4960367.chm"
7400,8,"EN","FIS4021570.chm"
7400,8,"ES","FIS4018262.chm"
7400,8,"FR","FIS4960394.chm"
7400,8,"RU","FIS4960573.chm"
7400,8,"ZH","FIS4960367.chm"
7410,120,"DE","FIS4960987.chm"
7410,120,"EN","FIS4021677.chm"
7410,120,"ES","FIS4960747.chm"
7410,120,"FR","FIS4960729.chm"
7410,120,"IT","FIS4960988.chm"
7410,120,"KO","FIS4961012.chm"
7410,120,"NL","FIS4960990.chm"
7410,120,"PT","FIS3653374.chm"
7410,120,"RU","FIS4960723.chm"
7410,120,"TR","FIS4960735.chm"
7410,120,"ZH","FIS4960564.chm"
7415,120,"DE","FIS4960987.chm"
7415,120,"EN","FIS4021677.chm"
7415,120,"ES","FIS4960747.chm"
7415,120,"FR","FIS4960729.chm"
7415,120,"IT","FIS4960988.chm"
7415,120,"KO","FIS4961012.chm"
7415,120,"NL","FIS4960990.chm"
7415,120,"PT","FIS3653374.chm"
7415,120,"RU","FIS4960723.chm"
7415,120,"TR","FIS4960735.chm"
7415,120,"ZH","FIS4960564.chm"
7420,120,"DE","FIS4960987.chm"
7420,120,"EN","FIS4021677.chm"
7420,120,"ES","FIS4960747.chm"
7420,120,"FR","FIS4960729.chm"
7420,120,"IT","FIS4960988.chm"
7420,120,"KO","FIS4961012.chm"
7420,120,"NL","FIS4960990.chm"
7420,120,"PT","FIS3653374.chm"
7420,120,"RU","FIS4960723.chm"
7420,120,"TR","FIS4960735.chm"
7420,120,"ZH","FIS4960564.chm"
7425,120,"DE","FIS4960987.chm"
7425,120,"EN","FIS4021677.chm"
7425,120,"ES","FIS4960747.chm"
7425,120,"FR","FIS4960729.chm"
7425,120,"IT","FIS4960988.chm"
7425,120,"KO","FIS4961012.chm"
7425,120,"NL","FIS4960990.chm"
7425,120,"PT","FIS3653374.chm"
7425,120,"RU","FIS4960723.chm"
7425,120,"TR","FIS4960735.chm"
7425,120,"ZH","FIS4960564.chm"
7430,120,"DE","FIS4960987.chm"
7430,120,"EN","FIS4021677.chm"
7430,120,"ES","FIS4960747.chm"
7430,120,"FR","FIS4960729.chm"
7430,120,"IT","FIS4960988.chm"
7430,120,"KO","FIS4961012.chm"
7430,120,"NL","FIS4960990.chm"
7430,120,"PT","FIS3653374.chm"
7430,120,"RU","FIS4960723.chm"
7430,120,"TR","FIS4960735.chm"
7430,120,"ZH","FIS4960564.chm"
7440,120,"DE","FIS4960987.chm"
7440,120,"EN","FIS4021677.chm"
7440,120,"ES","FIS4960747.chm"
7440,120,"FR","FIS4960729.chm"
7440,120,"IT","FIS4960988.chm"
7440,120,"KO","FIS4961012.chm"
7440,120,"NL","FIS4960990.chm"
7440,120,"PT","FIS3653374.chm"
7440,120,"RU","FIS4960723.chm"
7440,120,"TR","FIS4960735.chm"
7440,120,"ZH","FIS4960564.chm"
7450,120,"DE","FIS4960987.chm"
7450,120,"EN","FIS4021677.chm"
7450,120,"ES","FIS4960747.chm"
7450,120,"FR","FIS4960729.chm"
7450,120,"IT","FIS4960988.chm"
7450,120,"KO","FIS4961012.chm"
7450,120,"NL","FIS4960990.chm"
7450,120,"PT","FIS3653374.chm"
7450,120,"RU","FIS4960723.chm"
7450,120,"TR","FIS4960735.chm"
7450,120,"ZH","FIS4960564.chm"
7460,8,"EN","FIS4021570.chm"
7460,8,"ES","FIS4018262.chm"
7460,8,"FR","FIS4960394.chm"
7460,8,"RU","FIS4960573.chm"
7460,8,"ZH","FIS4960367.chm"
7470,145,"DE","FIS4961233.chm"
7470,145,"EN","FIS4022225.chm"
7470,145,"FR","FIS4961207.chm"
7470,145,"ZH","FIS4961232.chm"
7480,55,"EN","FIS4021315.chm"
7500,16,"EN","FIS4021560.chm"
7500,16,"ES","FIS4018261.chm"
7500,16,"FR","FIS4960393.chm"
7500,16,"KO","FIS4960527.chm"
7510,122,"EN","FIS4022102.chm"
7520,122,"EN","FIS4022102.chm"
7530,122,"EN","FIS4022102.chm"
7540,122,"EN","FIS4022102.chm"
7550,123,"EN","FIS4022094.chm"
7555,16,"EN","FIS4021560.chm"
7555,16,"ES","FIS4018261.chm"
7555,16,"FR","FIS4960393.chm"
7555,16,"KO","FIS4960527.chm"
7560,120,"DE","FIS4960987.chm"
7560,120,"EN","FIS4021677.chm"
7560,120,"ES","FIS4960747.chm"
7560,120,"FR","FIS4960729.chm"
7560,120,"IT","FIS4960988.chm"
7560,120,"KO","FIS4961012.chm"
7560,120,"NL","FIS4960990.chm"
7560,120,"PT","FIS3653374.chm"
7560,120,"RU","FIS4960723.chm"
7560,120,"TR","FIS4960735.chm"
7560,120,"ZH","FIS4960564.chm"
7565,120,"DE","FIS4960987.chm"
7565,120,"EN","FIS4021677.chm"
7565,120,"ES","FIS4960747.chm"
7565,120,"FR","FIS4960729.chm"
7565,120,"IT","FIS4960988.chm"
7565,120,"KO","FIS4961012.chm"
7565,120,"NL","FIS4960990.chm"
7565,120,"PT","FIS3653374.chm"
7565,120,"RU","FIS4960723.chm"
7565,120,"TR","FIS4960735.chm"
7565,120,"ZH","FIS4960564.chm"
7570,120,"DE","FIS4960987.chm"
7570,120,"EN","FIS4021677.chm"
7570,120,"ES","FIS4960747.chm"
7570,120,"FR","FIS4960729.chm"
7570,120,"IT","FIS4960988.chm"
7570,120,"KO","FIS4961012.chm"
7570,120,"NL","FIS4960990.chm"
7570,120,"PT","FIS3653374.chm"
7570,120,"RU","FIS4960723.chm"
7570,120,"TR","FIS4960735.chm"
7570,120,"ZH","FIS4960564.chm"
7575,8,"EN","FIS4021570.chm"
7575,8,"ES","FIS4018262.chm"
7575,8,"FR","FIS4960394.chm"
7575,8,"RU","FIS4960573.chm"
7575,8,"ZH","FIS4960367.chm"
7580,152,"DE","FIS2899385.chm"
7580,152,"EN","FIS2883477.chm"
7580,152,"ES","FIS2899386.chm"
7580,152,"FR","FIS2899384.chm"
7580,152,"IT","FIS2899380.chm"
7580,152,"NL","FIS4312441.chm"
7590,152,"DE","FIS2899385.chm"
7590,152,"EN","FIS2883477.chm"
7590,152,"ES","FIS2899386.chm"
7590,152,"FR","FIS2899384.chm"
7590,152,"IT","FIS2899380.chm"
7590,152,"NL","FIS4312441.chm"
7595,152,"DE","FIS2899385.chm"
7595,152,"EN","FIS2883477.chm"
7595,152,"ES","FIS2899386.chm"
7595,152,"FR","FIS2899384.chm"
7595,152,"IT","FIS2899380.chm"
7595,152,"NL","FIS4312441.chm"
7600,152,"DE","FIS2899385.chm"
7600,152,"EN","FIS2883477.chm"
7600,152,"ES","FIS2899386.chm"
7600,152,"FR","FIS2899384.chm"
7600,152,"IT","FIS2899380.chm"
7600,152,"NL","FIS4312441.chm"
7610,145,"DE","FIS4961233.chm"
7610,145,"EN","FIS4022225.chm"
7610,145,"ES","FIS4961232.chm"
7610,145,"FR","FIS4961207.chm"
7615,166,"DE","FIS4322397.chm"
7615,166,"EN","FIS4310593.chm"
7615,166,"FR","FIS4322389.chm"
7615,166,"IT","FIS4322393.chm"
7625,8,"EN","FIS4021570.chm"
7625,8,"ES","FIS4018262.chm"
7625,8,"FR","FIS4960394.chm"
7625,8,"RU","FIS4960573.chm"
7625,8,"ZH"," FIS4960367.chm"
7630,120,"DE","FIS4960987.chm"
7630,120,"EN","FIS4021677.chm"
7630,120,"ES","FIS4960747.chm"
7630,120,"FR","FIS4960729.chm"
7630,120,"IT","FIS4960988.chm"
7630,120,"KO","FIS4961012.chm"
7630,120,"NL","FIS4960990.chm"
7630,120,"PT","FIS3653374.chm"
7630,120,"RU","FIS4960723.chm"
7630,120,"TR","FIS4960735.chm"
7630,120,"ZH","FIS4960564.chm"
7635,145,"DE","FIS4961233.chm"
7635,145,"EN","FIS4022225.chm"
7635,145,"ES","FIS4961232.chm"
7635,145,"FR","FIS4961207.chm"
7640,120,"DE","FIS4960987.chm"
7640,120,"EN","FIS4021677.chm"
7640,120,"ES","FIS4960747.chm"
7640,120,"FR","FIS4960729.chm"
7640,120,"IT","FIS4960988.chm"
7640,120,"KO","FIS4961012.chm"
7640,120,"NL","FIS4960990.chm"
7640,120,"PT","FIS3653374.chm"
7640,120,"RU","FIS4960723.chm"
7640,120,"TR","FIS4960735.chm"
7640,120,"ZH","FIS4960564.chm"
7645,145,"DE","FIS4961233.chm"
7645,145,"EN","FIS4022225.chm"
7645,145,"ES","FIS4961232.chm"
7645,145,"FR","FIS4961207.chm"
9999,0,"DA","Choose_DA.chm"
9999,0,"DE","Choose_DE.chm"
9999,0,"EN","Choose_EN.chm"
9999,0,"ES","Choose_ES.chm"
9999,0,"FI","Choose_FI.chm"
9999,0,"FR","Choose_FR.chm"
9999,0,"IT","Choose_IT.chm"
9999,0,"JA","Choose_JA.chm"
9999,0,"KO","Choose_KO.chm"
9999,0,"NL","Choose_NL.chm"
9999,0,"NO","Choose_NO.chm"
9999,0,"PT","Choose_PT.chm"
9999,0,"RU","Choose_RU.chm"
9999,0,"SV","Choose_SV.chm"
9999,0,"TR","Choose_TR.chm"
9999,0,"ZH","Choose_ZH.chm"
