ModuleID,Language,HelpFile
-1,"DA","DA\dabase.chm"
-1,"DE","DE\debase.chm"
-1,"EN","EN\insitehelp.chm"
-1,"ES","ES\esbase.chm"
-1,"FI","FI\fibase.chm"
-1,"FR","FR\frbase.chm"
-1,"IT","IT\itbase.chm"
-1,"JA","JA\jabase.chm"
-1,"NL","NL\nlbase.chm"
-1,"PT","PT\brbase.chm"
-1,"SV","SV\svbase.chm"
-1,"TR","TR\trbase.chm"
-1,"ZH","ZH\zhsbase.chm"
1,"EN","EN\insitehelp.chm"
2,"EN","EN\insitehelp.chm"
3,"EN","EN\insitehelp.chm"
4,"EN","EN\insitehelp.chm"
5,"EN","EN\insitehelp.chm"
6,"EN","EN\insitehelp.chm"
12,"EN","EN\insitehelp.chm"
14,"EN","EN\insitehelp.chm"
14,"PT","PT\brqsk.chm"
15,"EN","EN\insitehelp.chm"
18,"EN","EN\insitehelp.chm"
18,"ES","ES\esisb.chm"
19,"EN","EN\insitehelp.chm"
20,"EN","EN\insitehelp.chm"
21,"EN","EN\insitehelp.chm"
22,"EN","EN\insitehelp.chm"
23,"EN","EN\insitehelp.chm"
33,"EN","EN\insitehelp.chm"
39,"EN","EN\insitehelp.chm"
39,"ES","ES\esisx.chm"
39,"JA","JA\jaisx.chm"
39,"PT","PT\brisx.chm"
41,"EN","EN\insitehelp.chm"
41,"PT","PT\brqsk.chm"
42,"EN","EN\insitehelp.chm"
42,"PT","PT\brqsk.chm"
44,"EN","EN\insitehelp.chm"
44,"PT","PT\brqsk.chm"
47,"EN","EN\insitehelp.chm"
47,"ES","ES\esiscisl.chm"
47,"TR","TR\triscisl.chm"
47,"ZH","ZH\zhsiscisl.chm"
50,"EN","EN\insitehelp.chm"
50,"ES","ES\esisb.chm"
51,"EN","EN\insitehelp.chm"
51,"ES","ES\esisb.chm"
52,"EN","EN\insitehelp.chm"
52,"ES","ES\esiscisl.chm"
52,"TR","TR\triscisl.chm"
52,"ZH","ZH\zhsiscisl.chm"
55,"EN","EN\insitehelp.chm"
59,"EN","EN\insitehelp.chm"
59,"JA","JA\jaism.chm"
59,"ZH","ZH\zhsism.chm"
61,"EN","EN\insitehelp.chm"
62,"EN","EN\insitehelp.chm"
63,"EN","EN\insitehelp.chm"
64,"EN","EN\insitehelp.chm"
65,"EN","EN\insitehelp.chm"
66,"EN","EN\insitehelp.chm"
67,"EN","EN\insitehelp.chm"
68,"EN","EN\insitehelp.chm"
69,"EN","EN\insitehelp.chm"
70,"EN","EN\insitehelp.chm"
71,"EN","EN\insitehelp.chm"
71,"ES","ES\esqsx15.chm"
71,"JA","JA\jaqsx15.chm"
71,"PT","PT\brqsx15.chm"
72,"EN","EN\insitehelp.chm"
73,"EN","EN\insitehelp.chm"
75,"EN","EN\insitehelp.chm"
75,"JA","JA\jaqsm11.chm"
75,"ZH","ZH\zhsqsm11.chm"
76,"EN","EN\insitehelp.chm"
76,"JA","JA\jaqsm11.chm"
76,"ZH","ZH\zhsqsm11.chm"
77,"EN","EN\insitehelp.chm"
78,"EN","EN\insitehelp.chm"
79,"EN","EN\insitehelp.chm"
80,"EN","EN\insitehelp.chm"
80,"ES","ES\esqsb59.chm"
81,"EN","EN\insitehelp.chm"
81,"ES","ES\esqsc83qsl9.chm"
81,"TR","TR\trqsc83qsl9.chm"
81,"ZH","ZH\zhsqsc83qsl9.chm"
90,"EN","EN\insitehelp.chm"
90,"ES","ES\esisx.chm"
90,"PT","PT\brisx.chm"
93,"EN","EN\insitehelp.chm"
93,"ES","ES\esisxcm870.chm"
93,"PT","PT\brisxcm870.chm"
94,"EN","EN\insitehelp.chm"
94,"ES","ES\esisxcm870.chm"
94,"PT","PT\brisxcm870.chm"
95,"EN","EN\insitehelp.chm"
95,"JA","JA\jaism.chm"
95,"ZH","ZH\zhsism.chm"
98,"EN","EN\insitehelp.chm"
98,"PT","PT\brismcm870.chm"
98,"ZH","ZH\zhsismcm870.chm"
99,"EN","EN\insitehelp.chm"
99,"ZH","ZH\zhsismcm870.chm"
100,"EN","EN\insitehelp.chm"
100,"PT","PT\brisbe.chm"
100,"TR","TR\trisbe.chm"
100,"ZH","ZH\zhsisbe.chm"
104,"EN","EN\insitehelp.chm"
104,"JA","JA\jaisbcm850.chm"
104,"PT","PT\brisbcm850.chm"
104,"TR","TR\trisbcm850.chm"
105,"EN","EN\insitehelp.chm"
105,"FR","FR\friscisl2100.chm"
105,"ZH","ZH\zhsiscisl2100.chm"
106,"EN","EN\insitehelp.chm"
106,"FR","FR\friscisl2100.chm"
106,"ZH","ZH\zhsiscisl2100.chm"
107,"EN","EN\insitehelp.chm"
107,"PT","PT\brismcm870.chm"
107,"ZH","ZH\zhsismcm870.chm"
108,"DE","DE\deisbe4.chm"
108,"EN","EN\insitehelp.chm"
108,"ES","ES\esisbe4.chm"
108,"FR","FR\frisbe4.chm"
108,"IT","IT\itisbe4.chm"
108,"JA","JA\jaisbe4.chm"
108,"PT","PT\brisbe4.chm"
108,"TR","TR\trisbe4.chm"
108,"ZH","ZH\zhsisbe4.chm"
110,"DA","DA\dabase.chm"
110,"DE","DE\debase.chm"
110,"EN","EN\insitehelp.chm"
110,"ES","ES\esbase.chm"
110,"FI","FI\fibase.chm"
110,"FR","FR\frbase.chm"
110,"IT","IT\itbase.chm"
110,"JA","JA\jabase.chm"
110,"NL","NL\nlbase.chm"
110,"PT","PT\brbase.chm"
110,"SV","SV\svbase.chm"
110,"TR","TR\trbase.chm"
110,"ZH","ZH\zhsbase.chm"
114,"EN","EN\insitehelp.chm"
114,"JA","JA\jaisccm850.chm"
114,"PT","PT\brisccm850.chm"
114,"TR","TR\trisccm850.chm"
118,"DE","DE\deisbe4.chm"
118,"EN","EN\insitehelp.chm"
118,"ES","ES\esisbe4.chm"
118,"FR","FR\frisbe4.chm"
118,"IT","IT\itisbe4.chm"
118,"JA","JA\jaisbe4.chm"
118,"PT","PT\brisbe4.chm"
118,"TR","TR\trisbe4.chm"
118,"ZH","ZH\zhsisbe4.chm"
124,"EN","EN\insitehelp.chm"
124,"JA","JA\jaislcm850.chm"
124,"PT","PT\brislcm850.chm"
124,"TR","TR\trislcm850.chm"
125,"EN","EN\insitehelp.chm"
125,"FR","FR\frismcm876.chm"
125,"ZH","ZH\zhsismcm876.chm"
128,"EN","EN\insitehelp.chm"
128,"JA","JA\jaisbcm850.chm"
128,"PT","PT\brisbcm850.chm"
128,"TR","TR\trisbcm850.chm"
130,"EN","EN\insitehelp.chm"
130,"ES","ES\esqst30.chm"
130,"PT","PT\brqst30.chm"
131,"EN","EN\insitehelp.chm"
131,"ES","ES\esqst30.chm"
131,"PT","PT\brqst30.chm"
135,"EN","EN\insitehelp.chm"
135,"FR","FR\frisxcm871.chm"
220,"EN","EN\insitehelp.chm"
221,"DE","DE\deqskcm850.chm"
221,"EN","EN\insitehelp.chm"
221,"JA","JA\jaqskcm850.chm"
221,"PT","PT\brqskcm850.chm"
222,"EN","EN\insitehelp.chm"
224,"DE","DE\deqskcm850.chm"
224,"EN","EN\insitehelp.chm"
224,"JA","JA\jaqskcm850.chm"
224,"PT","PT\brqskcm850.chm"
225,"DE","DE\deqskcm850.chm"
225,"EN","EN\insitehelp.chm"
225,"JA","JA\jaqskcm850.chm"
225,"PT","PT\brqskcm850.chm"
250,"EN","EN\insitehelp.chm"
250,"JA","JA\jaqsbcm850.chm"
250,"PT","PT\brqsbcm850.chm"
260,"EN","EN\insitehelp.chm"
260,"JA","JA\jaqsccm850.chm"
260,"PT","PT\brqsccm850.chm"
270,"EN","EN\insitehelp.chm"
270,"JA","JA\jaqslcm850.chm"
270,"PT","PT\brqslcm850.chm"
280,"DE","DE\deqskcm850.chm"
280,"EN","EN\insitehelp.chm"
280,"JA","JA\jaqskcm850.chm"
280,"PT","PT\brqskcm850.chm"
290,"DE","DE\deqskcm850.chm"
290,"EN","EN\insitehelp.chm"
290,"JA","JA\jaqskcm850.chm"
290,"PT","PT\brqskcm850.chm"
291,"DE","DE\deqskcm850.chm"
291,"EN","EN\insitehelp.chm"
291,"JA","JA\jaqskcm850.chm"
291,"PT","PT\brqskcm850.chm"
292,"DE","DE\deqskcm850.chm"
292,"EN","EN\insitehelp.chm"
292,"JA","JA\jaqskcm850.chm"
292,"PT","PT\brqskcm850.chm"
300,"EN","EN\insitehelp.chm"
301,"EN","EN\insitehelp.chm"
302,"EN","EN\insitehelp.chm"
310,"EN","EN\insitehelp.chm"
310,"JA","JA\jaqsccm850.chm"
310,"PT","PT\brqsccm850.chm"
315,"EN","EN\insitehelp.chm"
315,"JA","JA\jaqsccm850.chm"
315,"PT","PT\brqsccm850.chm"
320,"DE","DE\deqskcm850.chm"
320,"EN","EN\insitehelp.chm"
320,"JA","JA\jaqskcm850.chm"
320,"PT","PT\brqskcm850.chm"
321,"DE","DE\deqskcm850.chm"
321,"EN","EN\insitehelp.chm"
321,"JA","JA\jaqskcm850.chm"
321,"PT","PT\brqskcm850.chm"
330,"EN","EN\insitehelp.chm"
330,"ZH","ZH\zhsisdisl2100.chm"
340,"EN","EN\insitehelp.chm"
340,"ZH","ZH\zhsisdisl2100.chm"
365,"EN","EN\insitehelp.chm"
370,"DE","DE\deqskcm850.chm"
370,"EN","EN\insitehelp.chm"
370,"JA","JA\jaqskcm850.chm"
370,"PT","PT\brqskcm850.chm"
371,"DE","DE\deqskcm850.chm"
371,"EN","EN\insitehelp.chm"
371,"JA","JA\jaqskcm850.chm"
371,"PT","PT\brqskcm850.chm"
375,"EN","EN\insitehelp.chm"
380,"EN","EN\insitehelp.chm"
390,"EN","EN\insitehelp.chm"
391,"EN","EN\insitehelp.chm"
400,"EN","EN\insitehelp.chm"
410,"EN","EN\insitehelp.chm"
420,"EN","EN\insitehelp.chm"
430,"EN","EN\insitehelp.chm"
440,"EN","EN\insitehelp.chm"
440,"FR","FR\friscisl2100.chm"
440,"ZH","ZH\zhsiscisl2100.chm"
450,"EN","EN\insitehelp.chm"
460,"EN","EN\insitehelp.chm"
470,"EN","EN\insitehelp.chm"
480,"DA","DA\dabase.chm"
480,"DE","DE\debase.chm"
480,"EN","EN\insitehelp.chm"
480,"ES","ES\esbase.chm"
480,"FI","FI\fibase.chm"
480,"FR","FR\frbase.chm"
480,"IT","IT\itbase.chm"
480,"JA","JA\jabase.chm"
480,"NL","NL\nlbase.chm"
480,"PT","PT\brbase.chm"
480,"SV","SV\svbase.chm"
480,"TR","TR\trbase.chm"
480,"ZH","ZH\zhsbase.chm"
481,"DA","DA\dabase.chm"
481,"DE","DE\debase.chm"
481,"EN","EN\insitehelp.chm"
481,"ES","ES\esbase.chm"
481,"FI","FI\fibase.chm"
481,"FR","FR\frbase.chm"
481,"IT","IT\itbase.chm"
481,"JA","JA\jabase.chm"
481,"NL","NL\nlbase.chm"
481,"PT","PT\brbase.chm"
481,"SV","SV\svbase.chm"
481,"TR","TR\trbase.chm"
481,"ZH","ZH\zhsbase.chm"
490,"EN","EN\insitehelp.chm"
490,"ES","ES\esqst30.chm"
490,"PT","PT\brqst30.chm"
491,"EN","EN\insitehelp.chm"
491,"PT","PT\brqsk.chm"
494,"EN","EN\insitehelp.chm"
495,"EN","EN\insitehelp.chm"
496,"EN","EN\insitehelp.chm"
497,"EN","EN\insitehelp.chm"
510,"EN","EN\insitehelp.chm"
520,"EN","EN\insitehelp.chm"
530,"EN","EN\insitehelp.chm"
530,"FR","FR\friscisl2100.chm"
530,"ZH","ZH\zhsiscisl2100.chm"
540,"EN","EN\insitehelp.chm"
540,"FR","FR\friscisl2100.chm"
540,"ZH","ZH\zhsiscisl2100.chm"
550,"EN","EN\insitehelp.chm"
550,"FR","FR\friscisl2100.chm"
550,"ZH","ZH\zhsiscisl2100.chm"
560,"EN","EN\insitehelp.chm"
570,"EN","EN\insitehelp.chm"
580,"EN","EN\insitehelp.chm"
590,"EN","EN\insitehelp.chm"
590,"FR","FR\frisxcm871.chm"
600,"EN","EN\insitehelp.chm"
610,"EN","EN\insitehelp.chm"
630,"EN","EN\insitehelp.chm"
630,"FR","FR\frismcm876.chm"
630,"ZH","ZH\zhsismcm876.chm"
640,"EN","EN\insitehelp.chm"
650,"EN","EN\insitehelp.chm"
660,"EN","EN\insitehelp.chm"
720,"EN","EN\insitehelp.chm"
721,"EN","EN\insitehelp.chm"
722,"EN","EN\insitehelp.chm"
723,"EN","EN\insitehelp.chm"
724,"EN","EN\insitehelp.chm"
725,"EN","EN\insitehelp.chm"
750,"EN","EN\insitehelp.chm"
750,"FR","FR\frisxcm871.chm"
751,"EN","EN\insitehelp.chm"
751,"FR","FR\frisxcm871.chm"
760,"EN","EN\insitehelp.chm"
770,"EN","EN\insitehelp.chm"
780,"EN","EN\insitehelp.chm"
780,"FR","FR\frisxcm871.chm"
800,"EN","EN\insitehelp.chm"
820,"EN","EN\insitehelp.chm"
821,"EN","EN\insitehelp.chm"
840,"EN","EN\insitehelp.chm"
850,"EN","EN\insitehelp.chm"
851,"EN","EN\insitehelp.chm"
860,"EN","EN\insitehelp.chm"
880,"EN","EN\insitehelp.chm"
900,"EN","EN\insitehelp.chm"
900,"FR","FR\frismcm876.chm"
900,"ZH","ZH\zhsismcm876.chm"
910,"EN","EN\insitehelp.chm"
910,"FR","FR\frisxcm871.chm"
920,"EN","EN\insitehelp.chm"
930,"EN","EN\insitehelp.chm"
940,"EN","EN\insitehelp.chm"
950,"EN","EN\insitehelp.chm"
960,"EN","EN\insitehelp.chm"
970,"EN","EN\insitehelp.chm"
975,"EN","EN\insitehelp.chm"
980,"EN","EN\insitehelp.chm"
985,"EN","EN\insitehelp.chm"
986,"DE","DE\deqskcm850.chm"
986,"EN","EN\insitehelp.chm"
986,"JA","JA\jaqskcm850.chm"
986,"PT","PT\brqskcm850.chm"
987,"DE","DE\deqskcm850.chm"
987,"EN","EN\insitehelp.chm"
987,"JA","JA\jaqskcm850.chm"
987,"PT","PT\brqskcm850.chm"
988,"DE","DE\deqskcm850.chm"
988,"EN","EN\insitehelp.chm"
988,"JA","JA\jaqskcm850.chm"
988,"PT","PT\brqskcm850.chm"
989,"DE","DE\deqskcm850.chm"
989,"EN","EN\insitehelp.chm"
989,"JA","JA\jaqskcm850.chm"
989,"PT","PT\brqskcm850.chm"
990,"EN","EN\insitehelp.chm"
991,"EN","EN\insitehelp.chm"
992,"EN","EN\insitehelp.chm"
993,"EN","EN\insitehelp.chm"
994,"EN","EN\insitehelp.chm"
995,"DE","DE\deqskcm850.chm"
995,"EN","EN\insitehelp.chm"
995,"JA","JA\jaqskcm850.chm"
995,"PT","PT\brqskcm850.chm"
997,"EN","EN\insitehelp.chm"
998,"DE","DE\deqskcm850.chm"
998,"EN","EN\insitehelp.chm"
998,"JA","JA\jaqskcm850.chm"
998,"PT","PT\brqskcm850.chm"
999,"EN","EN\insitehelp.chm"
999,"FR","FR\frismcm876.chm"
999,"ZH","ZH\zhsismcm876.chm"
1010,"EN","EN\insitehelp.chm"
1011,"EN","EN\insitehelp.chm"
1012,"EN","EN\insitehelp.chm"
1020,"EN","EN\insitehelp.chm"
1030,"EN","EN\insitehelp.chm"
1035,"EN","EN\insitehelp.chm"
1040,"EN","EN\insitehelp.chm"
1045,"EN","EN\insitehelp.chm"
1050,"EN","EN\insitehelp.chm"
1055,"EN","EN\insitehelp.chm"
1065,"EN","EN\insitehelp.chm"
